"Judet","Localitate","Cod Siruta","SRC: https://data.gov.ro/dataset/unitati-administrativ-teritoriale-coduri-siruta/resource/6772b5e3-2444-4bf2-8dcb-162fce602d28?view_id=f1d92021-8b11-4f0c-adcb-4fe3a265c4fd"
"Alba","Alba  Iulia",1017,
"Alba","Aiud",1213,
"Alba","Blaj",1348,
"Alba","Sebes",1874,
"Alba","Abrud",1151,
"Alba","Baia  De  Aries",2915,
"Alba","Campeni",1455,
"Alba","Cugir",1696,
"Alba","Ocna  Mures",1794,
"Alba","Teius",8096,
"Alba","Zlatna",1936,
"Alba","Albac",2130,
"Alba","Almasu Mare",2309,
"Alba","Arieseni",2381,
"Alba","Avram  Iancu",2577,
"Alba","Berghin",2988,
"Alba","Bistra",3039,
"Alba","Blandiana",3397,
"Alba","Bucerdea Granoasa",9026,
"Alba","Bucium",3459,
"Alba","Cenade",3761,
"Alba","Cergau",3805,
"Alba","Ceru Bacainti",3841,
"Alba","Cetatea  De  Balta",3958,
"Alba","Ciugud",1071,
"Alba","Ciuruleasa",4008,
"Alba","Calnic",4106,
"Alba","Cricau",4142,
"Alba","Craciunelul De Jos",4188,
"Alba","Cut",9019,
"Alba","Daia  Romana",4240,
"Alba","Dostat",4268,
"Alba","Farau",4302,
"Alba","Galda De Jos",4366,
"Alba","Garbova",4482,
"Alba","Garda De Sus",4525,
"Alba","Hoparta",4703,
"Alba","Horea",4767,
"Alba","Ighiu",4927,
"Alba","Intregalde",4981,
"Alba","Jidvei",5103,
"Alba","Livezile",5167,
"Alba","Lopadea Noua",5210,
"Alba","Lunca  Mures",5309,
"Alba","Lupsa",5336,
"Alba","Metes",5577,
"Alba","Mihalt",5700,
"Alba","Miraslau",5755,
"Alba","Mogos",5826,
"Alba","Noslac",6048,
"Alba","Ocolis",6119,
"Alba","Ohaba",6164,
"Alba","Pianu",6217,
"Alba","Poiana  Vadului",6271,
"Alba","Ponor",6397,
"Alba","Posaga",6468,
"Alba","Radesti",6547,
"Alba","Rimetea",6592,
"Alba","Ramet",6627,
"Alba","Rosia Montana",6761,
"Alba","Rosia De Secas",6930,
"Alba","Salciua",6976,
"Alba","Salistea",7044,
"Alba","Sasciori",7099,
"Alba","Scarisoara",7197,
"Alba","Sancel",7348,
"Alba","Santimbru",7384,
"Alba","Sohodol",7446,
"Alba","Stremt",7767,
"Alba","Sibot",7810,
"Alba","Sona",7865,
"Alba","Spring",7945,
"Alba","Sugag",8014,
"Alba","Unirea",8158,
"Alba","Vadu Motilor",8229,
"Alba","Valea  Lunga",8354,
"Alba","Vidra",8425,
"Alba","Vintu De Jos",8826,
"Arad","Arad",9262,
"Arad","Chişineu-Criş",9459,
"Arad","Curtici",9495,
"Arad","Ineu",9538,
"Arad","Lipova",9574,
"Arad","Nădlac",9627,
"Arad","Pâncota",9654,
"Arad","Pecica",11584,
"Arad","Sântana",12091,
"Arad","Sebiş",9690,
"Arad","Almaş",9743,
"Arad","Apateu",9798,
"Arad","Archiş",9832,
"Arad","Bata",9887,
"Arad","Beliu",9930,
"Arad","Birchiş",10006,
"Arad","Bârsa",10051,
"Arad","Bârzava",10104,
"Arad","Bocsig",10195,
"Arad","Brazii",10239,
"Arad","Buteni",10293,
"Arad","Cărand",10346,
"Arad","Cermei",10373,
"Arad","Chisindia",10417,
"Arad","Conop",10453,
"Arad","Covăsânţ",10514,
"Arad","Craiva",10532,
"Arad","Dezna",10649,
"Arad","Dieci",10701,
"Arad","Dorobanţi",12912,
"Arad","Fântânale",9280,
"Arad","Felnac",10827,
"Arad","Frumuşeni",12920,
"Arad","Ghioroc",10872,
"Arad","Grăniceri",10916,
"Arad","Gurahonţ",10943,
"Arad","Hălmagiu",11058,
"Arad","Hălmăgel",11174,
"Arad","Hăşmaş",11236,
"Arad","Igneşti",11307,
"Arad","Iratoşu",11352,
"Arad","Livada",9333,
"Arad","Macea",11398,
"Arad","Mişca",11423,
"Arad","Moneasa",11478,
"Arad","Olari",11502,
"Arad","Păuliş",11539,
"Arad","Peregu - Mare",11637,
"Arad","Petriş",11664,
"Arad","Pilu",11735,
"Arad","Pleşcuţa",11762,
"Arad","Săvârşin",11842,
"Arad","Secusigiu",11940,
"Arad","Seleuş",11995,
"Arad","Semlac",12037,
"Arad","Sintea - Mare",12055,
"Arad","Socodor",12126,
"Arad","Şagu",12144,
"Arad","Şeitin",12206,
"Arad","Şepreuş",12224,
"Arad","Şicula",12242,
"Arad","Şilindia",12288,
"Arad","Şimand",12340,
"Arad","Şiria",12368,
"Arad","Şiştarovăţ",12402,
"Arad","Şofronea",9360,
"Arad","Tauţ",12457,
"Arad","Târnova",12509,
"Arad","Ususău",10765,
"Arad","Vărădia De Mureş",12572,
"Arad","Vinga",12643,
"Arad","Vârfurile",12689,
"Arad","Vladimirescu",9397,
"Arad","Zăbrani",12778,
"Arad","Zădăreni",12938,
"Arad","Zărand",12812,
"Arad","Zerind",12849,
"Arad","Zimandul Nou",12876,
"Arges","Pitesti",13169,
"Arges","Campulung",13490,
"Arges","Curtea De Arges",13622,
"Arges","Mioveni",13301,
"Arges","Costesti",13668,
"Arges","Topoloveni",13757,
"Arges","Stefanesti",13392,
"Arges","Albestii De Arges",13819,
"Arges","Albestii De Muscel",13891,
"Arges","Albota",13935,
"Arges","Aninoasa",13999,
"Arges","Arefu",14049,
"Arges","Bascov",13187,
"Arges","Babana",14085,
"Arges","Baiculesti",14165,
"Arges","Balilesti",14272,
"Arges","Beleti-Negresti",14352,
"Arges","Berevoesti",14405,
"Arges","Birla",14450,
"Arges","Bogati",14584,
"Arges","Boteni",14673,
"Arges","Botesti",14726,
"Arges","Bradu",13276,
"Arges","Bradulet",14753,
"Arges","Budeasa",14851,
"Arges","Bughea De Jos",14922,
"Arges","Buzoiesti",14940,
"Arges","Caldararu",15064,
"Arges","Calinesti",15108,
"Arges","Cateasca",15233,
"Arges","Cepari",15313,
"Arges","Cetateni",15402,
"Arges","Cicanesti",15448,
"Arges","Ciofrangeni",15493,
"Arges","Ciomagesti",15554,
"Arges","Cocu",15652,
"Arges","Corbeni",15741,
"Arges","Corbi",15830,
"Arges","Cosesti",15901,
"Arges","Cotmeana",15983,
"Arges","Cuca",16132,
"Arges","Davidesti",16285,
"Arges","Dambovicioara",16329,
"Arges","Darmanesti",16365,
"Arges","Dobresti",16427,
"Arges","Domnesti",16454,
"Arges","Dragoslavele",16472,
"Arges","Draganu",16506,
"Arges","Godeni",16551,
"Arges","Harsesti",16613,
"Arges","Hartiesti",16659,
"Arges","Izvoru",16739,
"Arges","Leordeni",16757,
"Arges","Leresti",16908,
"Arges","Lunca Corbului",16944,
"Arges","Malureni",17049,
"Arges","Maracineni",13365,
"Arges","Merisani",17101,
"Arges","Micesti",17209,
"Arges","Mihaesti",17254,
"Arges","Mioarele",17334,
"Arges","Mirosi",17398,
"Arges","Moraresti",17423,
"Arges","Mosoaia",17496,
"Arges","Mozaceni",17575,
"Arges","Musatesti",17619,
"Arges","Negrasi",17726,
"Arges","Nucsoara",17771,
"Arges","Oarja",17824,
"Arges","Pietrosani",17851,
"Arges","Poiana Lacului",18028,
"Arges","Poienarii De Arges",17913,
"Arges","Poienarii De Muscel",17968,
"Arges","Popesti",18162,
"Arges","Priboieni",18242,
"Arges","Ratesti",18331,
"Arges","Recea",18411,
"Arges","Rociu",18475,
"Arges","Rucar",18527,
"Arges","Salatrucu",18554,
"Arges","Sapata",18581,
"Arges","Schitu Golesti",18670,
"Arges","Slobozia",18741,
"Arges","Stalpeni",18778,
"Arges","Stoenesti",18858,
"Arges","Stolnici",18938,
"Arges","Suseni",19007,
"Arges","Stefan Cel Mare",19114,
"Arges","Suici",19141,
"Arges","Teiu",19212,
"Arges","Tigveni",19249,
"Arges","Titesti",19338,
"Arges","Uda",19392,
"Arges","Ungheni",19560,
"Arges","Valea Danului",19631,
"Arges","Valea Iasului",19695,
"Arges","Valea Mare Pravat",13524,
"Arges","Vedea",19793,
"Arges","Vladesti",19999,
"Arges","Raca",20048,
"Arges","Vulturesti",20055,
"Arges","Bughea De Sus",20063,
"Bacau","Bacau",20297,
"Bacau","Onesti",20563,
"Bacau","Moinesti",20876,
"Bacau","Buhusi",20778,
"Bacau","Comanesti",20821,
"Bacau","Darmanesti",22166,
"Bacau","Slanic Moldova",20910,
"Bacau","Tg. Ocna",20965,
"Bacau","Agas",21007,
"Bacau","Ardeoani",21098,
"Bacau","Asau",21123,
"Bacau","Balcani",21196,
"Bacau","Beresti- Bistrita",21249,
"Bacau","Beresti-Tazlau",21338,
"Bacau","Berzunti",21418,
"Bacau","Barsanesti",21454,
"Bacau","Blagesti",21506,
"Bacau","Bogdanesti",21560,
"Bacau","Brusturoasa",21597,
"Bacau","Buhoci",21668,
"Bacau","Casin",21720,
"Bacau","Caiuti",21757,
"Bacau","Cleja",21855,
"Bacau","Colonesti",21891,
"Bacau","Corbasca",21971,
"Bacau","Cotofanesti",22059,
"Bacau","Damienesti",22111,
"Bacau","Dealu Morii",22237,
"Bacau","Dofteana",22380,
"Bacau","Faraoani",22460,
"Bacau","Filipeni",22488,
"Bacau","Filipesti",22576,
"Bacau","Gaiceana",22665,
"Bacau","Ghimes-Faget",22718,
"Bacau","Garleni",22781,
"Bacau","Glavanesti",22834,
"Bacau","Gura Vaii",20607,
"Bacau","Helegiu",22898,
"Bacau","Hemeiusi",20313,
"Bacau","Horgesti",22941,
"Bacau","Huruiesti",23047,
"Bacau","Izvoru Berheciului",23127,
"Bacau","Letea Veche",20359,
"Bacau","Lipova",23207,
"Bacau","Livezi",23289,
"Bacau","Luizi Calugara",23350,
"Bacau","Magiresti",23387,
"Bacau","Magura",20411,
"Bacau","Margineni",20466,
"Bacau","Manastirea Casin",23449,
"Bacau","Motoseni",23494,
"Bacau","Negri",23644,
"Bacau","Nicolae Balcescu",23715,
"Bacau","Oituz",23797,
"Bacau","Oncesti",23868,
"Bacau","Orbeni",23948,
"Bacau","Palanca",23975,
"Bacau","Parava",24034,
"Bacau","Parincea",24089,
"Bacau","Pancesti",24187,
"Bacau","Pargaresti",24276,
"Bacau","Parjol",24338,
"Bacau","Plopana",24427,
"Bacau","Podu Turcului",24524,
"Bacau","Poduri",24631,
"Bacau","Racova",24711,
"Bacau","Racaciuni",24766,
"Bacau","Rosiori",24999,
"Bacau","Rachitoasa",24837,
"Bacau","Sascut",25068,
"Bacau","Sanduleni",25148,
"Bacau","Saucesti",25228,
"Bacau","Scorteni",25291,
"Bacau","Secuieni",25362,
"Bacau","Solont",25488,
"Bacau","Stanisesti",25521,
"Bacau","Stefan Cel Mare",20670,
"Bacau","Strugari",25629,
"Bacau","Tamasi",25692,
"Bacau","Tatarasti",25745,
"Bacau","Tg.Trotus",25825,
"Bacau","Traian",25861,
"Bacau","Ungureni",25932,
"Bacau","Urechesti",26029,
"Bacau","Valea Seaca",26083,
"Bacau","Vultureni",26118,
"Bacau","Zemes",26289,
"Bacau","Sarata",26320,
"Bacau","Buciumi",26338,
"Bacau","Gioseni",26346,
"Bacau","Ododesti",26353,
"Bacau","Prajesti",26361,
"Bacau","Itesti",26379,
"Bihor","Beius",26804,
"Bihor","Marghita",26877,
"Bihor","Oradea",26564,
"Bihor","Salonta",26975,
"Bihor","Alesd",26699,
"Bihor","Nucet",26920,
"Bihor","Sacuieni",30915,
"Bihor","Stei",26840,
"Bihor","Valea Lui Mihai",32027,
"Bihor","Vascau",27007,
"Bihor","Abram",27070,
"Bihor","Abramut",27169,
"Bihor","Astileu",26742,
"Bihor","Auseu",27212,
"Bihor","Avram Iancu",27285,
"Bihor","Balc",27329,
"Bihor","Batar",27383,
"Bihor","Biharia",27436,
"Bihor","Boianu Mare",27506,
"Bihor","Borod",27560,
"Bihor","Bors",27631,
"Bihor","Bratca",27686,
"Bihor","Brusturi",27757,
"Bihor","Budureasa",27846,
"Bihor","Buduslau",27908,
"Bihor","Bulz",27935,
"Bihor","Buntesti",27971,
"Bihor","Cabesti",28077,
"Bihor","Capalna",28139,
"Bihor","Carpinet",28193,
"Bihor","Cefa",28246,
"Bihor","Ceica",28335,
"Bihor","Cetariu",28415,
"Bihor","Cherechiu",28497,
"Bihor","Chislaz",28530,
"Bihor","Ciuhoi",28610,
"Bihor","Ciumeghiu",28665,
"Bihor","Campani",28709,
"Bihor","Cociuba Mare",28763,
"Bihor","Copacel",28816,
"Bihor","Cristioru De Jos",28889,
"Bihor","Curatele",28941,
"Bihor","Curtuiuseni",29001,
"Bihor","Derna",29038,
"Bihor","Diosig",29092,
"Bihor","Dobresti",29154,
"Bihor","Draganesti",29243,
"Bihor","Dragesti",29341,
"Bihor","Finis",29403,
"Bihor","Gepiu",32195,
"Bihor","Giris De Cris",29467,
"Bihor","Hidiselu De Sus",29519,
"Bihor","Holod",29573,
"Bihor","Husasau De Tinca",29662,
"Bihor","Ineu",29724,
"Bihor","Lazuri De Beius",29760,
"Bihor","Lazareni",29813,
"Bihor","Lugasu De Jos",29902,
"Bihor","Lunca",29948,
"Bihor","Madaras",30014,
"Bihor","Magesti",30069,
"Bihor","Nojorid",30149,
"Bihor","Olcea",30229,
"Bihor","Osorhei",30274,
"Bihor","Paleu",32161,
"Bihor","Pietroasa",30336,
"Bihor","Pocola",30416,
"Bihor","Pomezeu",30470,
"Bihor","Popesti",30568,
"Bihor","Rabagani",30648,
"Bihor","Remetea",30719,
"Bihor","Rieni",30773,
"Bihor","Rosia",30844,
"Bihor","Rosiori",32187,
"Bihor","Sacadat",30871,
"Bihor","Salacea",30988,
"Bihor","Salard",31011,
"Bihor","Sambata",31057,
"Bihor","Sanmartin",26582,
"Bihor","Santandrei",26653,
"Bihor","Sanicolaul Roman",32179,
"Bihor","Sarbi",31128,
"Bihor","Spinus",31208,
"Bihor","Suplacul De Barcau",31262,
"Bihor","Simian",31333,
"Bihor","Sinteu",31379,
"Bihor","Soimi",31422,
"Bihor","Suncuius",31510,
"Bihor","Tarcea",31565,
"Bihor","Tamaseu",32153,
"Bihor","Tarcaia",31609,
"Bihor","Tauteu",31654,
"Bihor","Tileagd",31716,
"Bihor","Tinca",31789,
"Bihor","Tulca",31841,
"Bihor","Tetchea",31878,
"Bihor","Uileacu De Beius",31921,
"Bihor","Vadu Crisului",31976,
"Bihor","Viisoara",32045,
"Bihor","Varciorog",32090,
"Bihor","Toboliu",32201,
"Bistrita-Nasaud","Bistrita",32394,
"Bistrita-Nasaud","Beclean",32483,
"Bistrita-Nasaud","Nasaud",32544,
"Bistrita-Nasaud","Singeorz Bai",32599,
"Bistrita-Nasaud","Bistrita Birgaului",32633,
"Bistrita-Nasaud","Braniste",32660,
"Bistrita-Nasaud","Budacu De Jos",32704,
"Bistrita-Nasaud","Budesti",32768,
"Bistrita-Nasaud","Caianu Mic",32811,
"Bistrita-Nasaud","Cetate",32884,
"Bistrita-Nasaud","Ciceu Giurgesti",32955,
"Bistrita-Nasaud","Ciceu Mihaiesti",179953,
"Bistrita-Nasaud","Chiochis",33015,
"Bistrita-Nasaud","Chiuza",33122,
"Bistrita-Nasaud","Cosbuc",33177,
"Bistrita-Nasaud","Dumitra",33202,
"Bistrita-Nasaud","Dumitrita",179686,
"Bistrita-Nasaud","Feldru",33248,
"Bistrita-Nasaud","Galatii Bistritei",33275,
"Bistrita-Nasaud","Ilva Mare",33337,
"Bistrita-Nasaud","Ilva Mica",33364,
"Bistrita-Nasaud","Josenii Birgaului",33382,
"Bistrita-Nasaud","Lechinta",33435,
"Bistrita-Nasaud","Lesu",33514,
"Bistrita-Nasaud","Livezile",33541,
"Bistrita-Nasaud","Lunca Ilvei",33603,
"Bistrita-Nasaud","Maieru",33621,
"Bistrita-Nasaud","Matei",33658,
"Bistrita-Nasaud","Magura Ilvei",33729,
"Bistrita-Nasaud","Mariselu",33765,
"Bistrita-Nasaud","Micestii De Cimpie",33845,
"Bistrita-Nasaud","Milas",33881,
"Bistrita-Nasaud","Monor",33952,
"Bistrita-Nasaud","Negrilesti",179659,
"Bistrita-Nasaud","Nimigea",33989,
"Bistrita-Nasaud","Nuseni",34075,
"Bistrita-Nasaud","Parva",34155,
"Bistrita-Nasaud","Petru Rares",34173,
"Bistrita-Nasaud","Poiana Ilvei",179720,
"Bistrita-Nasaud","Prundu Birgaului",34235,
"Bistrita-Nasaud","Rebra",34262,
"Bistrita-Nasaud","Rebrisoara",34280,
"Bistrita-Nasaud","Rodna",34333,
"Bistrita-Nasaud","Romuli",34360,
"Bistrita-Nasaud","Runcu Salvei",179944,
"Bistrita-Nasaud","Salva",34397,
"Bistrita-Nasaud","Silivasu De Cimpie",34422,
"Bistrita-Nasaud","Sinmihaiu De Cimpie",34477,
"Bistrita-Nasaud","Spermezeu",34547,
"Bistrita-Nasaud","Sant",34618,
"Bistrita-Nasaud","Sieu",34645,
"Bistrita-Nasaud","Sieut",34850,
"Bistrita-Nasaud","Sieu Magherus",34690,
"Bistrita-Nasaud","Sieu Odorhei",34770,
"Bistrita-Nasaud","Sintereag",34903,
"Bistrita-Nasaud","Teaca",34985,
"Bistrita-Nasaud","Telciu",35054,
"Bistrita-Nasaud","Tiha Birgaului",35090,
"Bistrita-Nasaud","Tirlisua",35152,
"Bistrita-Nasaud","Uriu",35269,
"Bistrita-Nasaud","Urmenis",35312,
"Bistrita-Nasaud","Zagra",35429,
"Botosani","Botosani",35731,
"Botosani","Dorohoi",36006,
"Botosani","Bucecea",36453,
"Botosani","Darabani",35946,
"Botosani","Flaminzi",37280,
"Botosani","Saveni",36060,
"Botosani","Stefanesti",39168,
"Botosani","Adaseni",40035,
"Botosani","Albesti",36131,
"Botosani","Avrameni",36202,
"Botosani","Baluseni",36300,
"Botosani","Blandesti",39983,
"Botosani","Braesti",36373,
"Botosani","Broscauti",36426,
"Botosani","Calarasi",36499,
"Botosani","Candesti",39967,
"Botosani","Concesti",36532,
"Botosani","Copalau",36569,
"Botosani","Cordareni",36649,
"Botosani","Corlateni",36676,
"Botosani","Corni",36756,
"Botosani","Cosula",39975,
"Botosani","Cotusca",36809,
"Botosani","Cristesti",36907,
"Botosani","Cristinesti",36952,
"Botosani","Curtesti",35759,
"Botosani","Dersca",37011,
"Botosani","Dimacheni",39959,
"Botosani","Dingeni",37057,
"Botosani","Dobarceni",37100,
"Botosani","Draguseni",37173,
"Botosani","Durnesti",37217,
"Botosani","Frumusica",37324,
"Botosani","George Enescu",37397,
"Botosani","Gorbanesti",37459,
"Botosani","Havarna",37547,
"Botosani","Hanesti",37618,
"Botosani","Hiliseu",37672,
"Botosani","Hlipiceni",37734,
"Botosani","Hudesti",37770,
"Botosani","Ibanesti",37823,
"Botosani","Leorda",37850,
"Botosani","Lozna",39942,
"Botosani","Lunca",37912,
"Botosani","Manoleasa",37958,
"Botosani","Mihai Eminescu",38063,
"Botosani","Mihaileni",38161,
"Botosani","Mihalaseni",38241,
"Botosani","Mileanca",38321,
"Botosani","Mitoc",38376,
"Botosani","Nicseni",38456,
"Botosani","Paltinis",38492,
"Botosani","Pomarla",38544,
"Botosani","Prajeni",38580,
"Botosani","Rachiti",35839,
"Botosani","Radauti Prut",38633,
"Botosani","Rauseni",38679,
"Botosani","Ripiceni",38731,
"Botosani","Roma",38811,
"Botosani","Romanesti",38848,
"Botosani","Santa Mare",38893,
"Botosani","Stauceni",35884,
"Botosani","Suharau",38982,
"Botosani","Sulita",39051,
"Botosani","Sendriceni",39122,
"Botosani","Stiubieni",39220,
"Botosani","Todireni",39266,
"Botosani","Trusesti",39328,
"Botosani","Tudora",39391,
"Botosani","Ungureni",39417,
"Botosani","Unteni",39532,
"Botosani","Vaculesti",39612,
"Botosani","Viisoara",39658,
"Botosani","Virfu Cimpului",39694,
"Botosani","Vladeni",39738,
"Botosani","Vlasinesti",39792,
"Botosani","Vorniceni",39836,
"Botosani","Vorona",39872,
"Brasov","Brasov",40198,
"Brasov","Fagaras",40278,
"Brasov","Codlea",40241,
"Brasov","Sacele",40438,
"Brasov","Rupea",40394,
"Brasov","Rasnov",40367,
"Brasov","Predeal",40303,
"Brasov","Victoria",40465,
"Brasov","Zarnesti",40492,
"Brasov","Ghimbav",40214,
"Brasov","Apata",40526,
"Brasov","Augustin",42498,
"Brasov","Beclean",40544,
"Brasov","Bod",40606,
"Brasov","Bran",40633,
"Brasov","Budila",40688,
"Brasov","Bunesti",40704,
"Brasov","Cata",40768,
"Brasov","Cincu",40820,
"Brasov","Comana",40857,
"Brasov","Crizbav",42456,
"Brasov","Cristian",40900,
"Brasov","Dragus",42480,
"Brasov","Dumbravita",40928,
"Brasov","Feldioara",40955,
"Brasov","Fundata",40991,
"Brasov","Halchiu",41033,
"Brasov","Harman",41088,
"Brasov","Hirseni",41113,
"Brasov","Hoghiz",41177,
"Brasov","Holbav",42472,
"Brasov","Homorod",41248,
"Brasov","Jibert",41284,
"Brasov","Lisa",41346,
"Brasov","Maierus",41382,
"Brasov","Mandra",41417,
"Brasov","Moieciu",41471,
"Brasov","Ormenis",41541,
"Brasov","Parau",41578,
"Brasov","Poiana Marului",41621,
"Brasov","Prejmer",41667,
"Brasov","Racos",41701,
"Brasov","Recea",41738,
"Brasov","Sercaia",41818,
"Brasov","Sambata De Sus",42464,
"Brasov","Sinca",41854,
"Brasov","Sinca-Noua",42449,
"Brasov","Sanpetru",41925,
"Brasov","Soars",41943,
"Brasov","Tarlungeni",42003,
"Brasov","Teliu",42058,
"Brasov","Ticus",42076,
"Brasov","Ucea",42101,
"Brasov","Ungra",42156,
"Brasov","Vama Buzaului",42183,
"Brasov","Vistea",42236,
"Brasov","Voila",42307,
"Brasov","Vulcan",42398,
"Braila","Municipiul Braila",42682,
"Braila","Faurei",42753,
"Braila","Ianca",43331,
"Braila","Insuratei",43411,
"Braila","Baraganu",42824,
"Braila","Bertestii De Jos",42842,
"Braila","Bordei Verde",42913,
"Braila","Ciocile",42968,
"Braila","Ciresu",43019,
"Braila","Dudesti",43073,
"Braila","Frecatei",43117,
"Braila","Galbenu",43180,
"Braila","Gemenele",43242,
"Braila","Gradistea",43279,
"Braila","Gropeni",43313,
"Braila","Chiscani",42708,
"Braila","Surdila Greci",42771,
"Braila","Jirlau",43466,
"Braila","Marasu",43493,
"Braila","Maxineni",43563,
"Braila","Mircea Voda",43625,
"Braila","Movila Miresii",43652,
"Braila","Racovita",43698,
"Braila","Ramnicelu",43732,
"Braila","Romanu",43787,
"Braila","Rosiori",43812,
"Braila","Salcia Tudor",43867,
"Braila","Scortaru Nou",43929,
"Braila","Silistea",43992,
"Braila","Stancuta",44060,
"Braila","Surdila Gaiseanca",44113,
"Braila","Sutesti",44140,
"Braila","Tichilesti",44177,
"Braila","Traian",44202,
"Braila","Tudor Vladimirescu",44257,
"Braila","Cazasu",44560,
"Braila","Tufesti",44300,
"Braila","Ulmu",44328,
"Braila","Unirea",44355,
"Braila","Vadeni",44391,
"Braila","Victoria",44435,
"Braila","Visani",44462,
"Braila","Viziru",44505,
"Braila","Zavoaia",44532,
"Buzau","Buzau",44818,
"Buzau","Rimnicu Sarat",44845,
"Buzau","Nehoiu",47916,
"Buzau","Patirlagele",48325,
"Buzau","Pogoanele",48744,
"Buzau","Amaru",44863,
"Buzau","Balaceanu",44989,
"Buzau","Balta Alba",44934,
"Buzau","Beceni",45003,
"Buzau","Berca",45101,
"Buzau","Bisoca",45245,
"Buzau","Blajani",45334,
"Buzau","Boldu",45361,
"Buzau","Bozioru",45389,
"Buzau","Bradeanu",45496,
"Buzau","Braiesti",45539,
"Buzau","Breaza",45619,
"Buzau","Buda",45673,
"Buzau","Canesti",45888,
"Buzau","Calvini",45753,
"Buzau","C.A.Rosetti",45815,
"Buzau","Catina",45959,
"Buzau","Cernatesti",46019,
"Buzau","Chilii",46108,
"Buzau","Chiojdu",46180,
"Buzau","Cilibia",46251,
"Buzau","Cislau",46313,
"Buzau","Costesti",46484,
"Buzau","Cochirleanca",46377,
"Buzau","Cozieni",46554,
"Buzau","Colti",46439,
"Buzau","Galbinasi",46769,
"Buzau","Gheraseni",46803,
"Buzau","Ghergheasa",46830,
"Buzau","Glodeanu Silistea",46910,
"Buzau","Glodeanu Sarat",46867,
"Buzau","Grebanu",47006,
"Buzau","Gura Teghii",47079,
"Buzau","Largu",47159,
"Buzau","Lopatari",47186,
"Buzau","Luciu",47300,
"Buzau","Magura",47337,
"Buzau","Maracineni",47373,
"Buzau","Margaritesti",47417,
"Buzau","Mihailesti",47578,
"Buzau","Merei",47453,
"Buzau","Manzalesti",47630,
"Buzau","Movila Banului",47774,
"Buzau","Murgesti",47818,
"Buzau","Naeni",47854,
"Buzau","Odaile",48021,
"Buzau","Padina",48138,
"Buzau","Pardosi",48165,
"Buzau","Panatau",48227,
"Buzau","Pietroasele",48487,
"Buzau","Pirscov",48557,
"Buzau","Podgoria",48682,
"Buzau","Posta Calnau",48771,
"Buzau","Puiesti",48842,
"Buzau","Racoviteni",48922,
"Buzau","Rimnicelu",48968,
"Buzau","Robeasca",49019,
"Buzau","Rusetu",49046,
"Buzau","Sageata",49073,
"Buzau","Sahateni",49153,
"Buzau","Sapoca",49206,
"Buzau","Sarulesti",49233,
"Buzau","Scortoasa",49313,
"Buzau","Scutelnici",49439,
"Buzau","Siriu",49484,
"Buzau","Smeeni",49545,
"Buzau","Stalpu",49625,
"Buzau","Tisau",49643,
"Buzau","Topliceni",49769,
"Buzau","Tintesti",49849,
"Buzau","Ulmeni",49894,
"Buzau","Vadu  Pasii",49956,
"Buzau","Valea Ramnicului",50022,
"Buzau","Valea Salciei",50068,
"Buzau","Vernesti",50102,
"Buzau","Vintila Voda",50228,
"Buzau","Viperesti",50326,
"Buzau","Valcelele",50399,
"Buzau","Zarnesti",50415,
"Buzau","Ziduri",50479,
"Buzau","Unguriu",50549,
"Buzau","Florica",50564,
"Caras-Severin","Resita",50790,
"Caras-Severin","Caransebes",51010,
"Caras-Severin","Anina",50889,
"Caras-Severin","Herculane",50923,
"Caras-Severin","Bocşa",50969,
"Caras-Severin","Moldova Nouă",51056,
"Caras-Severin","Oraviţa",51118,
"Caras-Severin","Oţelu Roşu",51207,
"Caras-Severin","Armenis",51243,
"Caras-Severin","Bania",51305,
"Caras-Severin","Bautari",51332,
"Caras-Severin","Berliste",51387,
"Caras-Severin","Berzeasca",51449,
"Caras-Severin","Berzovia",51500,
"Caras-Severin","Bolvasnita",51546,
"Caras-Severin","Bozovici",51573,
"Caras-Severin","Brebu",51626,
"Caras-Severin","Brebu Nou",51662,
"Caras-Severin","Bucosnita""",51751,
"Caras-Severin","Buchin",51699,
"Caras-Severin","Carasova",51804,
"Caras-Severin","Carbunari",51840,
"Caras-Severin","Ciclova Romana",51948,
"Caras-Severin","Ciuchici",51984,
"Caras-Severin","Ciudanovita",52035,
"Caras-Severin","C-Tin Daicovici",51877,
"Caras-Severin","Copacele",52062,
"Caras-Severin","Cornea",52115,
"Caras-Severin","Cornereva""",52160,
"Caras-Severin","Dalboset",52570,
"Caras-Severin","Doclin",52650,
"Caras-Severin","Dognecea",52696,
"Caras-Severin","Domasnea",52721,
"Caras-Severin","Eftimie Murgu",53700,
"Caras-Severin","Ezeris",52758,
"Caras-Severin","Farliug",52785,
"Caras-Severin","Forotic",52856,
"Caras-Severin","Garnic",52909,
"Caras-Severin","Glimboca",52936,
"Caras-Severin","Goruia",52954,
"Caras-Severin","Gradinari",52990,
"Caras-Severin","Iablanita",53023,
"Caras-Severin","Lapusnicel",53069,
"Caras-Severin","Lapusnicu Mare",53103,
"Caras-Severin","Luncavita",53130,
"Caras-Severin","Lupac",53167,
"Caras-Severin","Marga",53210,
"Caras-Severin","Maureni",53247,
"Caras-Severin","Mehadia",53274,
"Caras-Severin","Mehadica",53327,
"Caras-Severin","Naidas",53345,
"Caras-Severin","Obreja",53372,
"Caras-Severin","Paltinis",53425,
"Caras-Severin","Pescari",53489,
"Caras-Severin","Pojojena",53513,
"Caras-Severin","Prigor",53577,
"Caras-Severin","Ramna",53639,
"Caras-Severin","Racajdia",53675,
"Caras-Severin","Rusca Montana",53728,
"Caras-Severin","Sacu",53755,
"Caras-Severin","Sasca Montana",53791,
"Caras-Severin","Sichevita",53853,
"Caras-Severin","Slatina Timis",54056,
"Caras-Severin","Socol",54109,
"Caras-Severin","Sopotu Nou",54163,
"Caras-Severin","Teregova",54270,
"Caras-Severin","Ticvaniu Mare",54305,
"Caras-Severin","Tirnova",54350,
"Caras-Severin","Toplet",54387,
"Caras-Severin","Turnu Ruieni",54412,
"Caras-Severin","Valiug",54485,
"Caras-Severin","Varadia",54500,
"Caras-Severin","Vermes",54537,
"Caras-Severin","Vrani",54573,
"Caras-Severin","Zavoi",54617,
"Caras-Severin","Zorlentiu Mare",54699,
"Caras-Severin","Ocna De Fier",50987,
"Calarasi","Calarasi",92569,
"Calarasi","Oltenita",100610,
"Calarasi","Budesti",101458,
"Calarasi","Fundulea",103032,
"Calarasi","Lehliu Gara",93888,
"Calarasi","Al.Odobescu",94125,
"Calarasi","Belciugatele",101083,
"Calarasi","Borcea",92961,
"Calarasi","Cascioarele",101724,
"Calarasi","Chirnogi",101804,
"Calarasi","Chiselet",101822,
"Calarasi","Ciocanesti",93085,
"Calarasi","Crivat",180055,
"Calarasi","Curcani",102419,
"Calarasi","Cuza Voda",93281,
"Calarasi","Dichiseni",93325,
"Calarasi","Dorobantu",93441,
"Calarasi","Dor Marunt",93370,
"Calarasi","Dragalina",93487,
"Calarasi","Dragos Voda",93539,
"Calarasi","Frasinet",102838,
"Calarasi","Frumusani",102945,
"Calarasi","Fundeni",103014,
"Calarasi","Galbinasi",179962,
"Calarasi","Gradistea",93664,
"Calarasi","Gurbanesti",103568,
"Calarasi","Ileana",103764,
"Calarasi","Independenta",93771,
"Calarasi","Jegalia",93815,
"Calarasi","Lehliu Sat",93851,
"Calarasi","Luica",104083,
"Calarasi","Lupsanu",93931,
"Calarasi","Mitreni",100638,
"Calarasi","Manastirea",104181,
"Calarasi","Modelu",92587,
"Calarasi","Nana",104323,
"Calarasi","Nic.Balcescu",104341,
"Calarasi","Perisoru",94223,
"Calarasi","Plataresti",104635,
"Calarasi","Radovanu",104751,
"Calarasi","Roseti",94312,
"Calarasi","Sarulesti",104886,
"Calarasi","Sohatu",105222,
"Calarasi","Spantov",105259,
"Calarasi","Soldanu",105384,
"Calarasi","Stefan Cel Mare",94562,
"Calarasi","Stefan Voda",94580,
"Calarasi","Tamadau Mare",105455,
"Calarasi","Ulmeni",105605,
"Calarasi","Ulmu",94606,
"Calarasi","Unirea",94651,
"Calarasi","Valea Argovei",105712,
"Calarasi","Vasilati",105829,
"Calarasi","Valcelele",94731,
"Calarasi","Vlad Tepes",94768,
"Cluj","Mun. Cluj-Napoca",54975,
"Cluj","Mun. Turda",55259,
"Cluj","Mun. Dej",55008,
"Cluj","Mun. Campia-Turzii",55357,
"Cluj","Mun. Gherla",55384,
"Cluj","Ors. Huedin",55446,
"Cluj","Comuna Aghiresu",55473,
"Cluj","Comuna Aiton",55598,
"Cluj","Comuna Alunis",55623,
"Cluj","Comuna Apahida",55687,
"Cluj","Comuna Aschileu",55776,
"Cluj","Comuna Baciu",55838,
"Cluj","Comuna Baisoara",55918,
"Cluj","Comuna Belis",56014,
"Cluj","Comuna Bobilna",56096,
"Cluj","Comuna Bontida",56210,
"Cluj","Comuna Borsa",56265,
"Cluj","Comuna Buza",56327,
"Cluj","Comuna Caianu",56354,
"Cluj","Comuna Calarasi",56425,
"Cluj","Comuna Calatele",56461,
"Cluj","Comuna Camarasu",56522,
"Cluj","Comuna Capusu Mare",56568,
"Cluj","Comuna Caseiu",56666,
"Cluj","Comuna Catina",56773,
"Cluj","Comuna Ceanu Mare",56844,
"Cluj","Comuna Chinteni",56988,
"Cluj","Comuna Chiuiesti",57083,
"Cluj","Comuna Citcau",57314,
"Cluj","Comuna Ciucea",57163,
"Cluj","Comuna Ciurila",57225,
"Cluj","Comuna Cojocna",57350,
"Cluj","Comuna Cornesti",57449,
"Cluj","Comuna Cuzdrioara",55062,
"Cluj","Comuna Dabica",57546,
"Cluj","Comuna Feleacu",57582,
"Cluj","Comuna Fizesu Gherlii",57644,
"Cluj","Comuna Floresti",57706,
"Cluj","Comuna Frata",57742,
"Cluj","Comuna Geaca",57831,
"Cluj","Comuna Gilau",57902,
"Cluj","Comuna Girbau",57948,
"Cluj","Comuna Iara",58008,
"Cluj","Comuna Iclod",58142,
"Cluj","Comuna Izvoru Crisului",58204,
"Cluj","Comuna Jichisu De Jos",55106,
"Cluj","Comuna Jucu",58259,
"Cluj","Comuna Luna",58311,
"Cluj","Comuna Maguri-Racatau",58357,
"Cluj","Comuna Manastireni",58393,
"Cluj","Comuna Margau",58464,
"Cluj","Comuna Marisel",58534,
"Cluj","Comuna Mica",55160,
"Cluj","Comuna Mihai Viteazu",55277,
"Cluj","Comuna Mintiu Gherlii",58552,
"Cluj","Comuna Mociu",58623,
"Cluj","Comuna Moldovenesti",58721,
"Cluj","Comuna Palatca",58794,
"Cluj","Comuna Panticeu",58856,
"Cluj","Comuna Petrestii De Jos",58918,
"Cluj","Comuna Ploscos",58990,
"Cluj","Comuna Poieni",59041,
"Cluj","Comuna Recea-Cristur",59130,
"Cluj","Comuna Risca",59238,
"Cluj","Comuna Sacuieu",59283,
"Cluj","Comuna Sandulesti",55311,
"Cluj","Comuna Savadisla",59327,
"Cluj","Comuna Sic",59416,
"Cluj","Comuna Sincraiu",59434,
"Cluj","Comuna Sinmartin",59498,
"Cluj","Comuna Sinpaul",59586,
"Cluj","Comuna Suatu",59657,
"Cluj","Comuna Taga",59826,
"Cluj","Comuna Tritenii De Jos",59693,
"Cluj","Comuna Tureni",59764,
"Cluj","Comuna Unguras",59880,
"Cluj","Comuna Vad",59942,
"Cluj","Comuna Valea Ierii",60026,
"Cluj","Comuna Viisoara",60062,
"Cluj","Comuna Vultureni",60099,
"Cluj","Comuna Negreni",60169,
"Constanta","Constanta",60419,
"Constanta","Mangalia",60482,
"Constanta","Medgidia",60847,
"Constanta","Baneasa",61069,
"Constanta","Basarabi",62360,
"Constanta","Cernavodă",60776,
"Constanta","Eforie",60455,
"Constanta","Hârşova",60801,
"Constanta","Negruvoda",62397,
"Constanta","Năvodari",60507,
"Constanta","Ovidiu",60687,
"Constanta","Techirghiol",60534,
"Constanta","Adamclisi",60883,
"Constanta","Agigea",60570,
"Constanta","Albeşti",60945,
"Constanta","Aliman",61005,
"Constanta","Amzacea",63198,
"Constanta","2 3 August",60598,
"Constanta","Bărăganu",63294,
"Constanta","Castelu",61121,
"Constanta","Cerchezu",61167,
"Constanta","Chirnogeni",61210,
"Constanta","Ciobanu",61256,
"Constanta","Ciocârlia",61283,
"Constanta","Cobadin",61318,
"Constanta","Costineşti",63286,
"Constanta","Cogealac",61372,
"Constanta","Comana",61452,
"Constanta","Corbu",61513,
"Constanta","Crucea",61559,
"Constanta","Cumpăna",61620,
"Constanta","Cuza Voda",63300,
"Constanta","Deleni",61675,
"Constanta","Dobromir",61737,
"Constanta","Dumbrăveni",63161,
"Constanta","Fantanele",63334,
"Constanta","Ghindăresţi",61826,
"Constanta","Gradina",63326,
"Constanta","Gârliciu",61808,
"Constanta","Horia",63278,
"Constanta","Independenţa",61871,
"Constanta","Ion Corvin",61951,
"Constanta","Istria",62020,
"Constanta","Limanu",60632,
"Constanta","Lipniţa",62057,
"Constanta","Lumina",63152,
"Constanta","Mereni",62137,
"Constanta","M. Kogălniceanu",62191,
"Constanta","M Viteazu",62253,
"Constanta","M Vodă",62280,
"Constanta","N Bălcescu",62440,
"Constanta","Oltina",62486,
"Constanta","Ostrov",62538,
"Constanta","Pantelimon",62609,
"Constanta","Pecineaga",62672,
"Constanta","Peştera",62707,
"Constanta","Poarta Albă",62761,
"Constanta","Rasova",62798,
"Constanta","Saraiu",62823,
"Constanta","Saligny",63318,
"Constanta","Săcele",62878,
"Constanta","Siliştea",62949,
"Constanta","Târguşor",62985,
"Constanta","Tuzla",60721,
"Constanta","Topalu",63045,
"Constanta","Topraisar",63072,
"Constanta","Tortomanu",63189,
"Constanta","Valu Lui Traian",63125,
"Constanta","Vulturu",63170,
"Constanta","Seimeni",62903,
"Covasna","Sf.Gheorghe",63394,
"Covasna","Tg.Secuiesc",63740,
"Covasna","Covasna",63526,
"Covasna","Baraolt",63447,
"Covasna","Int.Buzaului",63580,
"Covasna","Aita Mare",63777,
"Covasna","Batani",63802,
"Covasna","Belin",63866,
"Covasna","Bodoc",63893,
"Covasna","Borosneu",63937,
"Covasna","Brates",64005,
"Covasna","Bradut",64041,
"Covasna","Bretcu",64096,
"Covasna","Catalina",64130,
"Covasna","Cernat",64194,
"Covasna","Chichis",64238,
"Covasna","Dobarlau",64265,
"Covasna","Ghelinta",64318,
"Covasna","Ghidfalau",64345,
"Covasna","Haghig",64390,
"Covasna","Ilieni",64425,
"Covasna","Lemnia",64461,
"Covasna","Malnas",64504,
"Covasna","Moacsa",64568,
"Covasna","Ojdula",64602,
"Covasna","Ozun",64639,
"Covasna","Poian",64719,
"Covasna","Reci",64773,
"Covasna","Sanzieni",64826,
"Covasna","Turia",64871,
"Covasna","Valea Crisului",64906,
"Covasna","Valcele",64942,
"Covasna","Varghis",64997,
"Covasna","Zagon",65011,
"Covasna","Zabala",65048,
"Covasna","Comandau",63553,
"Covasna","Barcani",63633,
"Covasna","Sita Buzaului",63688,
"Covasna","Valea Mare",65099,
"Covasna","Mereni",65105,
"Covasna","Arcus",65113,
"Covasna","Bixad",65121,
"Covasna","Dalnic",65147,
"Covasna","Micfalau",65139,
"Covasna","Estelnic",65154,
"Dambovita","Mun.Targoviste",65342,
"Dambovita","Mun.Moreni",65841,
"Dambovita","Oras Fieni",65609,
"Dambovita","Oras Gaesti",65681,
"Dambovita","Oras Pucioasa",65921,
"Dambovita","Oras Titu",66081,
"Dambovita","Oras Racari",68627,
"Dambovita","Comuna Aninoasa",65379,
"Dambovita","Comuna Baleni",66198,
"Dambovita","Comuna Barbuletu",66223,
"Dambovita","Comuna Bezdead",66330,
"Dambovita","Comuna Bilciuresti",66401,
"Dambovita","Comuna Branesti",66009,
"Dambovita","Comuna Braniste",66152,
"Dambovita","Comuna Brezoaele",101341,
"Dambovita","Comuna Buciumeni",66438,
"Dambovita","Comuna Bucsani",66474,
"Dambovita","Comuna Butimanu",101564,
"Dambovita","Comuna Candesti",66526,
"Dambovita","Comuna Ciocanesti",101840,
"Dambovita","Comuna Cobia",66580,
"Dambovita","Comuna Cojasca",66697,
"Dambovita","Comuna Comisani",66731,
"Dambovita","Comuna Contesti",66768,
"Dambovita","Comuna Corbii Mari",66857,
"Dambovita","Comuna Cornatelu",66955,
"Dambovita","Comuna Cornesti",67014,
"Dambovita","Comuna Costesti Vale",67121,
"Dambovita","Comuna Cranguri",67167,
"Dambovita","Comuna Crevedia",102286,
"Dambovita","Comuna Darmanesti",67256,
"Dambovita","Comuna Dobra",67292,
"Dambovita","Comuna Doicesti",65413,
"Dambovita","Comuna Dragodana",67327,
"Dambovita","Comuna Dragomiresti",67407,
"Dambovita","Comuna Finta",67470,
"Dambovita","Comuna Glodeni",67522,
"Dambovita","Comuna Gura Foii",65707,
"Dambovita","Comuna Gura Ocnitei",67595,
"Dambovita","Comuna Gura Sutii",67648,
"Dambovita","Comuna Hulubesti",67675,
"Dambovita","Comuna I. L. Caragiale",67737,
"Dambovita","Comuna Iedera",65869,
"Dambovita","Comuna Lucieni",67773,
"Dambovita","Comuna Ludesti",67835,
"Dambovita","Comuna Lunguletu",67906,
"Dambovita","Comuna Malu Cu Flori",67942,
"Dambovita","Comuna Manesti",68002,
"Dambovita","Comuna Matasaru",68048,
"Dambovita","Comuna Mogosani",68128,
"Dambovita","Comuna Moroieni",68182,
"Dambovita","Comuna Morteni",68253,
"Dambovita","Comuna Motaieni",65645,
"Dambovita","Comuna Niculesti",104387,
"Dambovita","Comuna Nucet",68280,
"Dambovita","Comuna Ocnita",68324,
"Dambovita","Comuna Odobesti",68342,
"Dambovita","Comuna Persinari",179935,
"Dambovita","Comuna Petresti",65752,
"Dambovita","Comuna Pietrari",179908,
"Dambovita","Comuna Pietrosita",68404,
"Dambovita","Comuna Poiana",68431,
"Dambovita","Comuna Potlogi",68468,
"Dambovita","Comuna Produlesti",68529,
"Dambovita","Comuna Pucheni",68565,
"Dambovita","Comuna Raciu",179891,
"Dambovita","Comuna Rascaeti",179926,
"Dambovita","Comuna Rau Alb",179917,
"Dambovita","Comuna Razvad",65431,
"Dambovita","Comuna Runcu",68716,
"Dambovita","Comuna Salcioara",68789,
"Dambovita","Comuna Selaru",68887,
"Dambovita","Comuna Slobozia Moara",105142,
"Dambovita","Comuna Sotanga",65477,
"Dambovita","Comuna Tartasesti",105534,
"Dambovita","Comuna Tatarani",68921,
"Dambovita","Comuna Uliesti",68976,
"Dambovita","Comuna Ulmi",65501,
"Dambovita","Comuna Vacaresti",69250,
"Dambovita","Comuna Valea Mare",69170,
"Dambovita","Comuna Valealunga",69063,
"Dambovita","Comuna Valeni Dambovita",69303,
"Dambovita","Comuna Varfuri",69447,
"Dambovita","Comuna Visina",69330,
"Dambovita","Comuna Visinesti",69394,
"Dambovita","Comuna Vladeni",179711,
"Dambovita","Comuna Voinesti",69526,
"Dambovita","Comuna Vulcana Pandele",179640,
"Dambovita","Comuna Vulcana Bai",69615,
"Dolj","Craiova",69900,
"Dolj","Calafat",70352,
"Dolj","Bailesti",70316,
"Dolj","Bechet",70879,
"Dolj","Dabuleni",72007,
"Dolj","Filiasi",70414,
"Dolj","Segarcea",70502,
"Dolj","Afumati",70520,
"Dolj","Almaj",70566,
"Dolj","Amarastii De Jos",70637,
"Dolj","Amarastii De Sus",70673,
"Dolj","Apele Vii",70726,
"Dolj","Argetoaia",70744,
"Dolj","Bistret",70897,
"Dolj","Birca",70940,
"Dolj","Botosesti-Paia",70968,
"Dolj","Brabova",70986,
"Dolj","Bradesti",71055,
"Dolj","Bralostita",71126,
"Dolj","Bratovoiesti",71199,
"Dolj","Breasta",71260,
"Dolj","Bucovat",69964,
"Dolj","Bulzesti",71340,
"Dolj","Calopar",71457,
"Dolj","Caraula",71518,
"Dolj","Carpen",71536,
"Dolj","Castranova",71572,
"Dolj","Catane",74842,
"Dolj","Calarasi",71607,
"Dolj","Celaru",71634,
"Dolj","Cerat",71698,
"Dolj","Cernatesti",71723,
"Dolj","Cetate",71787,
"Dolj","Cioroiasi",71812,
"Dolj","Ciupercenii Noi",71858,
"Dolj","Carcea",74859,
"Dolj","Carna",74867,
"Dolj","Cosoveni",71885,
"Dolj","Cotofenii Din Dos",71910,
"Dolj","Cotofenii Din Fata",74875,
"Dolj","Daneti",71956,
"Dolj","Desa",72034,
"Dolj","Diosti",72052,
"Dolj","Dobresti",72098,
"Dolj","Dobrotesti",74883,
"Dolj","Dragotesti",72150,
"Dolj","Dranic",72221,
"Dolj","Farcas",72276,
"Dolj","Galicea Mare",72383,
"Dolj","Galiciuica",74891,
"Dolj","Ghercesti",72409,
"Dolj","Ghidici",74907,
"Dolj","Ghindeni",74915,
"Dolj","Gighera",72463,
"Dolj","Giubega",72506,
"Dolj","Giurgita",72533,
"Dolj","Gingiova",72579,
"Dolj","Gogosu",72604,
"Dolj","Goicea",72640,
"Dolj","Goiesti",72677,
"Dolj","Grecesti",72819,
"Dolj","Isalnita",70094,
"Dolj","Izvoare",72882,
"Dolj","Intorsura",74923,
"Dolj","Leu",72926,
"Dolj","Lipovu",72953,
"Dolj","Macesu De Jos",72980,
"Dolj","Macesu De Sus",73013,
"Dolj","Maglavit",73031,
"Dolj","Malu Mare",73068,
"Dolj","Melinesti",73102,
"Dolj","Mischii",73246,
"Dolj","Mirsani",73317,
"Dolj","Motatei",73335,
"Dolj","Murgasi",73371,
"Dolj","Negoi",73460,
"Dolj","Orodel",73503,
"Dolj","Ostroveni",73567,
"Dolj","Perisor",73594,
"Dolj","Pielesti",73629,
"Dolj","Piscu Vechi",73665,
"Dolj","Plenita",73709,
"Dolj","Plesoi",74931,
"Dolj","Poiana Mare",73736,
"Dolj","Podari",70110,
"Dolj","Predesti",73772,
"Dolj","Radovan",73852,
"Dolj","Rast",73905,
"Dolj","Robanesti",73923,
"Dolj","Rojiste",74949,
"Dolj","Sadova",73996,
"Dolj","Salcuta",74028,
"Dolj","Scaiesti",74073,
"Dolj","Seaca De Cimp",74108,
"Dolj","Seaca De Padure",74135,
"Dolj","Secu",74171,
"Dolj","Silistea Crucii",74224,
"Dolj","Sopot",74242,
"Dolj","Simnicu De Sus",70174,
"Dolj","Talpas",74956,
"Dolj","Teasc",74322,
"Dolj","Terpezita",74359,
"Dolj","Teslui",74411,
"Dolj","Tuglui",74509,
"Dolj","Unirea",74536,
"Dolj","Urzicuta",74554,
"Dolj","Valea Stanciului",74581,
"Dolj","Vela",74616,
"Dolj","Verbita",74705,
"Dolj","Vartop",74732,
"Dolj","Varvoru De Jos",74750,
"Galati","Municipiul Galati",75098,
"Galati","Municipiul Tecuci",75203,
"Galati","Oras Beresti",75338,
"Galati","Oras Targu Bujor",75472,
"Galati","Barcea",75515,
"Galati","Balabanesti",75542,
"Galati","Balasesti",75613,
"Galati","Baleni",75668,
"Galati","Baneasa",75686,
"Galati","Beresti-Meria",75356,
"Galati","Branistea",75711,
"Galati","Brahasesti",75766,
"Galati","Buciumeni",75819,
"Galati","Cavadinesti",75864,
"Galati","Certesti",75917,
"Galati","Corni",76004,
"Galati","Corod",75953,
"Galati","Cosmesti",76040,
"Galati","Costache Negri",76111,
"Galati","Cuca",76139,
"Galati","Cudalbi",76157,
"Galati","Cuza Voda",77595,
"Galati","Draganesti",75221,
"Galati","Draguseni",76175,
"Galati","Firtanesti",76255,
"Galati","Foltesti",76282,
"Galati","Frumusita",76317,
"Galati","Fundeni",76353,
"Galati","Ghidigeni",76406,
"Galati","Gohor",76497,
"Galati","Grivita",76558,
"Galati","Independenta",76585,
"Galati","Ivesti",76601,
"Galati","Jorasti",76638,
"Galati","Liesti",76674,
"Galati","Matca",76692,
"Galati","Mastacani",76718,
"Galati","Movileni",76745,
"Galati","Munteni",75258,
"Galati","Namoloasa",76763,
"Galati","Negrilesti",77579,
"Galati","Nicoresti",76807,
"Galati","Oancea",76932,
"Galati","Pechea",76969,
"Galati","Piscu",76996,
"Galati","Poiana",77587,
"Galati","Priponesti",77028,
"Galati","Radesti",77561,
"Galati","Rediu",77082,
"Galati","Schela",77153,
"Galati","Scinteesti",77126,
"Galati","Slobozia-Conachi",77180,
"Galati","Smirdan",77224,
"Galati","Smulti",77260,
"Galati","Suceveni",77288,
"Galati","Suhurlui",77601,
"Galati","Sendreni",75114,
"Galati","Tudor-Vladimirescu",77313,
"Galati","Tulucesti",77331,
"Galati","Tepu",77377,
"Galati","Umbraresti",77402,
"Galati","Valea-Marului",77475,
"Galati","Vinatori",75150,
"Galati","Virlezi",77509,
"Galati","Vladesti",77536,
"Giurgiu","Consiliul Municipal Giurgiu",100521,
"Giurgiu","Mihailesti",104136,
"Giurgiu","Bolintin Vale",101190,
"Giurgiu","Adunatii Copaceni",100781,
"Giurgiu","Baneasa",101001,
"Giurgiu","Bolintin Deal",101163,
"Giurgiu","Bucsani",101378,
"Giurgiu","Bulbucata",101519,
"Giurgiu","Buturugeni",101617,
"Giurgiu","Calugareni",101662,
"Giurgiu","Clejani",101984,
"Giurgiu","Colibasi",102071,
"Giurgiu","Comana",102106,
"Giurgiu","Crevedia Mare",102348,
"Giurgiu","Daia",102446,
"Giurgiu","Floresti Stoenesti",102794,
"Giurgiu","Fratesti",102909,
"Giurgiu","Gaiseni",103087,
"Giurgiu","Gaujani",103194,
"Giurgiu","Ghimpati",103238,
"Giurgiu","Gogosari",103309,
"Giurgiu","Gostinari",103372,
"Giurgiu","Gostinu",103354,
"Giurgiu","Gradinari",103407,
"Giurgiu","Greaca",103470,
"Giurgiu","Hotarele",103639,
"Giurgiu","Iepuresti",103693,
"Giurgiu","Izvoarele",103899,
"Giurgiu","Joita",103997,
"Giurgiu","Letca Noua",104047,
"Giurgiu","Mihai Bravu",104118,
"Giurgiu","Marsa",104225,
"Giurgiu","Ogrezeni",104485,
"Giurgiu","Oinacu",104519,
"Giurgiu","Prundu",104680,
"Giurgiu","Putineiu",104715,
"Giurgiu","Rasuceni",104788,
"Giurgiu","Roata De Jos",104831,
"Giurgiu","Schitu",104975,
"Giurgiu","Singureni",105106,
"Giurgiu","Slobozia",100549,
"Giurgiu","Stanesti",105295,
"Giurgiu","Stoenesti",105348,
"Giurgiu","Toporu",154709,
"Giurgiu","Ulmi",105623,
"Giurgiu","Valea Dragului",105776,
"Giurgiu","Varasti",105874,
"Giurgiu","Vedea",105909,
"Giurgiu","Vanatorii Mici",105972,
"Giurgiu","Malu",179739,
"Giurgiu","Cosoba",179748,
"Giurgiu","Heresti",179757,
"Giurgiu","Isvoarele",179766,
"Giurgiu","Sabareni",179775,
"Gorj","Tg-Jiu",77812,
"Gorj","Motru",78141,
"Gorj","Novaci",78258,
"Gorj","Tg-Carbunesti",78329,
"Gorj","Ticleni",78454,
"Gorj","Rovinari",82895,
"Gorj","Bumbesti-Jiu",79308,
"Gorj","Tismana",82430,
"Gorj","Turceni",82617,
"Gorj","Albeni",78472,
"Gorj","Alimpesti",78542,
"Gorj","Aninoasa",78604,
"Gorj","Arcani",78668,
"Gorj","Baia De Fier",78711,
"Gorj","Balanesti",78748,
"Gorj","Barbatesti",78828,
"Gorj","Bengesti Ciocadia",78873,
"Gorj","Berlesti",78926,
"Gorj","Bilteni",79004,
"Gorj","Bolbosi",79077,
"Gorj","Borascu",79157,
"Gorj","Branesti",79237,
"Gorj","Dragutesti",78016,
"Gorj","Bumbesti Pitic",79362,
"Gorj","Bustuchin",79406,
"Gorj","Capreni",79497,
"Gorj","Catunele",79585,
"Gorj","Ciuperceni",79656,
"Gorj","Cilnic",79736,
"Gorj","Crasna",79834,
"Gorj","Cruset",79932,
"Gorj","Danciulesti",80043,
"Gorj","Danesti",80123,
"Gorj","Dragotesti",80249,
"Gorj","Farcasesti",80285,
"Gorj","Glogova",80365,
"Gorj","Godinesti",80427,
"Gorj","Hurezani",80506,
"Gorj","Ionesti",80560,
"Gorj","Jupinesti",80613,
"Gorj","Lelesti",80677,
"Gorj","Licurici",80711,
"Gorj","Logresti",80766,
"Gorj","Matasari",80846,
"Gorj","Musetesti",80908,
"Gorj","Negomir",80980,
"Gorj","Pades",81095,
"Gorj","Pestisani",81184,
"Gorj","Polovragi",81380,
"Gorj","Plopsoru",81264,
"Gorj","Prigoria",81415,
"Gorj","Rosia De Amaradia",81497,
"Gorj","Runcu",81576,
"Gorj","Samarinesti",81656,
"Gorj","Sacelu",81754,
"Gorj","Saulesti",81816,
"Gorj","Scoarta",81861,
"Gorj","Schela",81987,
"Gorj","Slivilesti",82047,
"Gorj","Stanesti",82136,
"Gorj","Stejari",82243,
"Gorj","Stoina",82314,
"Gorj","Telesti",82396,
"Gorj","Turburea",82555,
"Gorj","Tintareni",82680,
"Gorj","Urdari",82733,
"Gorj","Vagiulesti",82779,
"Gorj","Vladimir",82831,
"Gorj","Balesti",77910,
"Gorj","Turcinesti",78089,
"Harghita","Miercurea-Ciuc",83320,
"Harghita","Odorheiu-Secuiesc",83133,
"Harghita","Topliţa",83632,
"Harghita","Gheorgheni",83561,
"Harghita","Băile-Tuşnad",83428,
"Harghita","Bălan",83464,
"Harghita","Borsec",83491,
"Harghita","Cristuru-Secuiesc",83525,
"Harghita","Vlăhiţa",83749,
"Harghita","Atid",83785,
"Harghita","Avrămeşti",83847,
"Harghita","Bilbor",83936,
"Harghita","Brădeşti",83151,
"Harghita","Căpâlniţa",83963,
"Harghita","Ciceu",86461,
"Harghita","Ciucsângeorgiu",83981,
"Harghita","Ciumani",84086,
"Harghita","Cârţa",84102,
"Harghita","Corbu",84148,
"Harghita","Corund",84175,
"Harghita","Cozmeni",86446,
"Harghita","Dăneşti",84237,
"Harghita","Dealu",84264,
"Harghita","Ditrău",84344,
"Harghita","Dârjiu",84380,
"Harghita","Feliceni",83197,
"Harghita","Frumoasa",84415,
"Harghita","Gălăuţaş",84460,
"Harghita","Joseni",84558,
"Harghita","Lăzarea",84594,
"Harghita","Leliceni",86479,
"Harghita","Lueta",84629,
"Harghita","Lunca De Jos",84656,
"Harghita","Lunca De Sus",84754,
"Harghita","Lupeni",84825,
"Harghita","Mădăraş",86438,
"Harghita","Mărtiniş",84923,
"Harghita","Mereşti",85056,
"Harghita","Mihăileni",85074,
"Harghita","Mugeni",85127,
"Harghita","Ocland",85243,
"Harghita","Păuleni-Ciuc",83375,
"Harghita","Plăieşii De Jos",85289,
"Harghita","Porumbeni",86487,
"Harghita","Praid",85341,
"Harghita","Racu",86495,
"Harghita","Remetea",85412,
"Harghita","Satu-Mare",86501,
"Harghita","Săcel",85467,
"Harghita","Sărmaş",85528,
"Harghita","Secuieni",85582,
"Harghita","Siculeni",85626,
"Harghita","Sâncrăieni",85680,
"Harghita","Sândominic",85760,
"Harghita","Sânmartin",85788,
"Harghita","Sânsimion",85840,
"Harghita","Sântimbru",86519,
"Harghita","Subcetate",85877,
"Harghita","Suseni",85920,
"Harghita","Şimoneşti",85984,
"Harghita","Tomeşti",86453,
"Harghita","Tulgheş",86133,
"Harghita","Tuşnad",86188,
"Harghita","Ulieş",86222,
"Harghita","Vărşag",86311,
"Harghita","Voşlobeni",86339,
"Harghita","Zetea",86366,
"Hunedoara","Deva",86687,
"Hunedoara","Brad",87291,
"Hunedoara","Hunedoara",86810,
"Hunedoara","Lupeni",87059,
"Hunedoara","Orastie",87638,
"Hunedoara","Petrosani",86990,
"Hunedoara","Vulcan",87175,
"Hunedoara","Aninoasa",87219,
"Hunedoara","Calan",87424,
"Hunedoara","Geoagiu",89561,
"Hunedoara","Hateg",87576,
"Hunedoara","Petrila",87077,
"Hunedoara","Simeria",87665,
"Hunedoara","Uricani",87139,
"Hunedoara","Baia De Cris",87745,
"Hunedoara","Balsa",87843,
"Hunedoara","Baru Mare",87996,
"Hunedoara","Bacia",88047,
"Hunedoara","Baita",88092,
"Hunedoara","Banita",87246,
"Hunedoara","Batrana",88216,
"Hunedoara","Beriu",88261,
"Hunedoara","Blajeni",88350,
"Hunedoara","Bosorod",88449,
"Hunedoara","Branisca",88546,
"Hunedoara","Bretea Romana",88644,
"Hunedoara","Buces",88788,
"Hunedoara","Bucuresci",88868,
"Hunedoara","Bulzesti",88920,
"Hunedoara","Bunila",89026,
"Hunedoara","Burjuc",89080,
"Hunedoara","Cerbal",89151,
"Hunedoara","Certejul De Sus",89240,
"Hunedoara","Carjiti",86749,
"Hunedoara","Criscior",87362,
"Hunedoara","Densus",89348,
"Hunedoara","Dobra",89428,
"Hunedoara","General Berthelot",91731,
"Hunedoara","Ghelari",86883,
"Hunedoara","Gurasada",89687,
"Hunedoara","Harau",89801,
"Hunedoara","Ilia",89856,
"Hunedoara","Lapugiu De Sus",89954,
"Hunedoara","Lelese",90066,
"Hunedoara","Lunca Cernii",90119,
"Hunedoara","Luncoiul De Jos",90208,
"Hunedoara","Martinesti",90262,
"Hunedoara","Orastioara De Sus",90342,
"Hunedoara","Pestisu Mic",90431,
"Hunedoara","Pui",90538,
"Hunedoara","Rapoltu Mare",90663,
"Hunedoara","Rachitova",90725,
"Hunedoara","Ribita",90805,
"Hunedoara","Riu De Mori",90878,
"Hunedoara","Romos",90994,
"Hunedoara","Sarmisegetusa",91054,
"Hunedoara","Salasu De Sus",91116,
"Hunedoara","Sintamaria Orlea",91232,
"Hunedoara","Soimus",91330,
"Hunedoara","Teliuc",86936,
"Hunedoara","Tomesti",91447,
"Hunedoara","Toplita",91535,
"Hunedoara","Totesti",91624,
"Hunedoara","Turdas",91688,
"Hunedoara","Vata De Jos",91795,
"Hunedoara","Valisoara",91937,
"Hunedoara","Vetel",91982,
"Hunedoara","Vorta",92097,
"Hunedoara","Zam",92177,
"Ialomita","Mun. Slobozia",92658,
"Ialomita","Mun. Urziceni",100683,
"Ialomita","Mun. Fetesti",92701,
"Ialomita","Oras Tandarei",92765,
"Ialomita","Oras Amara",92836,
"Ialomita","Oras Fierbinti Targ",102749,
"Ialomita","Oras Cazanesti",93067,
"Ialomita","Adancata",100754,
"Ialomita","Albesti",92783,
"Ialomita","Alexeni",100852,
"Ialomita","Buiesti",179793,
"Ialomita","Andrasesti",92872,
"Ialomita","Armasesti",100870,
"Ialomita","Axintele",100923,
"Ialomita","Balaciu",92907,
"Ialomita","Barcanesti",101056,
"Ialomita","Bordusani",92989,
"Ialomita","Brazii",101243,
"Ialomita","Bucu",93021,
"Ialomita","Colelia",179971,
"Ialomita","Ciocarlia",100709,
"Ialomita","Ciochina",93101,
"Ialomita","Ciulnita",93156,
"Ialomita","Cocora",93209,
"Ialomita","Cosambesti",93236,
"Ialomita","Cosereni",102240,
"Ialomita","Dragoesti",102641,
"Ialomita","Dridu",102703,
"Ialomita","Facaeni",93575,
"Ialomita","Maia",179800,
"Ialomita","Giurgeni",93646,
"Ialomita","Gheorghe Doja",93600,
"Ialomita","Gheorghe Lazar",93628,
"Ialomita","Garbovi",103283,
"Ialomita","Grindu",93717,
"Ialomita","Grivita",93735,
"Ialomita","Ion Roata",103862,
"Ialomita","Jilavele",103960,
"Ialomita","Manasia",100736,
"Ialomita","Milosesti",94045,
"Ialomita","M. Kogaln.",93995,
"Ialomita","Movila",94081,
"Ialomita","Movilita",104270,
"Ialomita","M. Buzau",94107,
"Ialomita","Perieti",94161,
"Ialomita","Reviga",94269,
"Ialomita","Salcioara",94330,
"Ialomita","Saveni",94376,
"Ialomita","Scanteia",94429,
"Ialomita","Sfantul Gheorghe",94456,
"Ialomita","Sinesti",105026,
"Ialomita","Stelnica",94492,
"Ialomita","Suditi",94535,
"Ialomita","Valea Ciorii",94688,
"Ialomita","Valea Macrisului",105794,
"Ialomita","Vladeni",94795,
"Ialomita","Traian",179702,
"Ialomita","Ograda",179819,
"Ialomita","Boranesti",179784,
"Ialomita","Rosiori",179828,
"Ialomita","Moldoveni",179999,
"Ialomita","Sarateni",180019,
"Ialomita","Platonesti",180000,
"Ialomita","Marculesti",179980,
"Ialomita","Gura Ialomitei",180046,
"Ialomita","Barbulesti",180064,
"Iasi","Municipiul Iasi",95060,
"Iasi","Municipiul Pascani",95391,
"Iasi","Oras Harlau",95355,
"Iasi","Oras Targu Frumos",95471,
"Iasi","Oras Podu Iloaie",98373,
"Iasi","Comuna Alex. I. Cuza",95612,
"Iasi","Comuna Andrieseni",95667,
"Iasi","Comuna Aroneanu",95747,
"Iasi","Comuna Bals",100273,
"Iasi","Comuna Baltati",95792,
"Iasi","Comuna Belcesti",95872,
"Iasi","Comuna Bivolari",95943,
"Iasi","Comuna Birnova",95088,
"Iasi","Ungheni (Fost Bosia)",96003,
"Iasi","Comuna Braesti",96058,
"Iasi","Comuna Butea",96110,
"Iasi","Comuna Ceplenita",96147,
"Iasi","Comuna Ciohorani",100362,
"Iasi","Comuna Ciortesti",96192,
"Iasi","Comuna Ciurea",96254,
"Iasi","Comuna Coarnele Caprei",96334,
"Iasi","Comuna Comarna",96370,
"Iasi","Comuna Costesti",100282,
"Iasi","Comuna Costuleni",96423,
"Iasi","Comuna Cotnari",96478,
"Iasi","Comuna Cozmesti",96593,
"Iasi","Comuna Cristesti",96637,
"Iasi","Comuna Cucuteni",96664,
"Iasi","Comuna Dagita",96717,
"Iasi","Comuna Deleni",96815,
"Iasi","Comuna Dobrovat",96888,
"Iasi","Comuna Dolhesti",96904,
"Iasi","Comuna Draguseni",100308,
"Iasi","Comuna Dumesti",96940,
"Iasi","Comuna Erbiceni",97009,
"Iasi","Comuna Fantanele",100317,
"Iasi","Comuna Focuri",97063,
"Iasi","Comuna Golaesti",97090,
"Iasi","Comuna Gorban",97189,
"Iasi","Comuna Grajduri",97241,
"Iasi","Comuna Gropnita",97321,
"Iasi","Comuna Grozesti",97394,
"Iasi","Comuna Halaucesti",97438,
"Iasi","Comuna Harmanesti",100326,
"Iasi","Comuna Helesteni",97465,
"Iasi","Comuna Holboca",95159,
"Iasi","Comuna Horlesti",97517,
"Iasi","Comuna Ipatele",97553,
"Iasi","Comuna Lespezi",97606,
"Iasi","Comuna Letcani",97679,
"Iasi","Comuna Lungani",97722,
"Iasi","Comuna Madarjac",97777,
"Iasi","Comuna Mircesti",97811,
"Iasi","Comuna Mironeasa",97875,
"Iasi","Comuna Miroslava",97919,
"Iasi","Comuna Miroslovesti",98051,
"Iasi","Comuna Mogosesti-Iasi",98113,
"Iasi","Comuna Mogosesti - Siret",98168,
"Iasi","Comuna Mosna",98202,
"Iasi","Comuna Motca",98220,
"Iasi","Comuna Movileni",98257,
"Iasi","Comuna Oteleni",98300,
"Iasi","Comuna Plugari",98337,
"Iasi","Comuna Popesti",98435,
"Iasi","Comuna Popricani",98505,
"Iasi","Comuna Prisacani",98603,
"Iasi","Comuna Probota",98649,
"Iasi","Comuna Rachiteni",100335,
"Iasi","Comuna Raducaneni",98685,
"Iasi","Comuna Rediu",95239,
"Iasi","Comuna Romanesti",98738,
"Iasi","Comuna Roscani",100344,
"Iasi","Comuna Ruginoasa",98774,
"Iasi","Comuna Schitu-Duca",98827,
"Iasi","Comuna Scinteia",98916,
"Iasi","Comuna Scobinti",98998,
"Iasi","Comuna Sinesti",99058,
"Iasi","Comuna Siretel",99101,
"Iasi","Comuna Stolniceni-Prajescu",99165,
"Iasi","Comuna Strunga",99209,
"Iasi","Comuna Scheia",99290,
"Iasi","Comuna Sipote",99370,
"Iasi","Comuna Tansa",99441,
"Iasi","Comuna Tatarusi",99478,
"Iasi","Ion Neculce (Fost Tirgu Frumos)",95499,
"Iasi","Comuna Todiresti",99539,
"Iasi","Comuna Tomesti",95293,
"Iasi","Comuna Trifesti",99600,
"Iasi","Comuna Tibana",99673,
"Iasi","Comuna Tibanesti",99780,
"Iasi","Comuna Tiganasi",99879,
"Iasi","Comuna Tutora",99922,
"Iasi","Comuna Valea Lupului",100353,
"Iasi","Comuna Valea-Seaca",99968,
"Iasi","Comuna Victoria",100004,
"Iasi","Comuna Vinatori",100086,
"Iasi","Comuna Vladeni",100148,
"Iasi","Comuna Voinesti",100219,
"Ilfov","Bragadiru",179221,
"Ilfov","Buftea",100576,
"Ilfov","Chitila",179285,
"Ilfov","Magurele",179409,
"Ilfov","Otopeni",179481,
"Ilfov","Pantelimon",179515,
"Ilfov","Popesti",179533,
"Ilfov","Voluntari",179551,
"Ilfov","Afumati",100834,
"Ilfov","Balotesti",100969,
"Ilfov","Berceni",101145,
"Ilfov","Branesti",101298,
"Ilfov","Cernica",101742,
"Ilfov","Chiajna",179249,
"Ilfov","Ciolpani",101902,
"Ilfov","Ciorogarla",101957,
"Ilfov","Clinceni",102035,
"Ilfov","Corbeanca",102160,
"Ilfov","Cornetu",102213,
"Ilfov","Copaceni",179588,
"Ilfov","Dascalu",102473,
"Ilfov","Darasti",102525,
"Ilfov","I Decembrie",102543,
"Ilfov","Dobroesti",179310,
"Ilfov","Domnesti",102570,
"Ilfov","Dragomiresti",102605,
"Ilfov","Ganeasa",103130,
"Ilfov","Glina",179347,
"Ilfov","Gradistea",103443,
"Ilfov","Gruiu",103513,
"Ilfov","Jilava",179383,
"Ilfov","Moara Vlasiei",104243,
"Ilfov","Mogosoaia",179463,
"Ilfov","Nuci",104421,
"Ilfov","Peris",104546,
"Ilfov","Petrechioaia",104582,
"Ilfov","Snagov",105160,
"Ilfov","Stefanesti",105419,
"Ilfov","Tunari",105570,
"Ilfov","Vidra",105936,
"Maramures","Baia Mare",106318,
"Maramures","Sighetu Marmatiei",106559,
"Maramures","Baia Sprie",106684,
"Maramures","Borsa",106746,
"Maramures","Cavnic",106782,
"Maramures","Seini",108963,
"Maramures","Targu Lapus",106817,
"Maramures","Viseu De Sus",106979,
"Maramures","Dragomiresti",108017,
"Maramures","Salistea De Sus",108892,
"Maramures","Somcuta Mare",109176,
"Maramures","Ulmeni",109265,
"Maramures","Tautii Magheraus",106461,
"Maramures","Ardusat",107001,
"Maramures","Arinis",107047,
"Maramures","Asuaju De Sus",107083,
"Maramures","Baita De Sub Codru",107118,
"Maramures","Baiut",107154,
"Maramures","Basesti",107190,
"Maramures","Bicaz",107234,
"Maramures","Bistra",107270,
"Maramures","Birsana",107314,
"Maramures","Bocicoiu Mare",107350,
"Maramures","Bogdan Voda",107403,
"Maramures","Boiu Mare",107430,
"Maramures","Botiza",107485,
"Maramures","Budesti",107519,
"Maramures","Calinesti",107546,
"Maramures","Cernesti",107582,
"Maramures","Cicarlau",107662,
"Maramures","Campulung La Tisa",107715,
"Maramures","Copalnic Manastur",107733,
"Maramures","Coroieni",107868,
"Maramures","Cupseni",107920,
"Maramures","Desesti",107975,
"Maramures","Dumbravita",108035,
"Maramures","Farcasa",108106,
"Maramures","Giulesti",108151,
"Maramures","Ieud",108204,
"Maramures","Lapus",108222,
"Maramures","Leordina",108240,
"Maramures","Miresu Mare",108268,
"Maramures","Moisei",108348,
"Maramures","Oarta De Jos",108366,
"Maramures","Ocna Sugatag",108400,
"Maramures","Petrova",108455,
"Maramures","Poienile De Sub Munte",108473,
"Maramures","Remetea Chioarului",108491,
"Maramures","Remeti",108552,
"Maramures","Repedea",108598,
"Maramures","Rona De Jos",108614,
"Maramures","Rona De Sus",108632,
"Maramures","Rozavlea",108669,
"Maramures","Ruscova",108696,
"Maramures","Satulung",108712,
"Maramures","Sacalaseni",108794,
"Maramures","Sacel",108874,
"Maramures","Salsig",108918,
"Maramures","Sapanta",108945,
"Maramures","Stramtura",109005,
"Maramures","Suciu De Sus",109041,
"Maramures","Sisesti",109096,
"Maramures","Valea Chioarului",109354,
"Maramures","Vima Mica",109425,
"Maramures","Viseu De Jos",109504,
"Maramures","Grosi",106363,
"Maramures","Recea",106407,
"Maramures","Sarasau",106620,
"Maramures","Vadu Izei",106648,
"Maramures","Poienile Izei",179604,
"Maramures","Sieu",179613,
"Maramures","Grosii Tiblesului",179622,
"Maramures","Coas",179837,
"Maramures","Coltau",179846,
"Maramures","Gardani",179855,
"Maramures","Oncesti",179864,
"Mehedinti","Municipiu Dr.Tr.Severin",109773,
"Mehedinti","Municipiu Orsova",110063,
"Mehedinti","Baia De Arama",109924,
"Mehedinti","Strehaia",110116,
"Mehedinti","Vanju Mare",110232,
"Mehedinti","Bala",110296,
"Mehedinti","Balacita",110535,
"Mehedinti","Balta",110456,
"Mehedinti","Bacles",110571,
"Mehedinti","Balvanesti",110688,
"Mehedinti","Breznita Motru",110740,
"Mehedinti","Breznita Ocol",110820,
"Mehedinti","Brosteni",110875,
"Mehedinti","Burila Mare",110946,
"Mehedinti","Butoiesti",111006,
"Mehedinti","Cazanesti",111097,
"Mehedinti","Ciresu",111220,
"Mehedinti","Corcova",111275,
"Mehedinti","Corlatel",111417,
"Mehedinti","Cujmir",111444,
"Mehedinti","Devesel",111480,
"Mehedinti","Darvari",111550,
"Mehedinti","Dubova",112904,
"Mehedinti","Dumbrava",111587,
"Mehedinti","Floresti",111685,
"Mehedinti","Garla Mare",111783,
"Mehedinti","Godeanu",111818,
"Mehedinti","Gogosu",111863,
"Mehedinti","Greci",111916,
"Mehedinti","Grozesti",111989,
"Mehedinti","Gruia",112030,
"Mehedinti","Hinova",112076,
"Mehedinti","Husnicioara",112129,
"Mehedinti","Eselnita",112245,
"Mehedinti","Ilovat",112263,
"Mehedinti","Ilovita",112334,
"Mehedinti","Isverna",112370,
"Mehedinti","Izvoru Barzii",112469,
"Mehedinti","Jiana",112548,
"Mehedinti","Livezile",112600,
"Mehedinti","Malovat",112664,
"Mehedinti","Obarsia Closani",110027,
"Mehedinti","Obarsia Camp",112744,
"Mehedinti","Oprisor",112771,
"Mehedinti","Padina",112806,
"Mehedinti","Patulele",112879,
"Mehedinti","Podeni",112959,
"Mehedinti","Ponoare",112995,
"Mehedinti","Poroina Mare",113153,
"Mehedinti","Pristol",113206,
"Mehedinti","Prunisor",113233,
"Mehedinti","Punghina",113395,
"Mehedinti","Rogova",113466,
"Mehedinti","Salcia",113493,
"Mehedinti","Simian",109826,
"Mehedinti","Sisesti",113625,
"Mehedinti","Sovarna",113698,
"Mehedinti","Stangaceaua",113518,
"Mehedinti","Svinita",113607,
"Mehedinti","Tamna",113732,
"Mehedinti","Vanatori",113849,
"Mehedinti","Vanjulet",113894,
"Mehedinti","Vladaia",113929,
"Mehedinti","Voloiac",113974,
"Mehedinti","Braniste",114060,
"Mehedinti","Vrata",114079,
"Mures","Tirgu Mures",114319,
"Mures","Sighisoara",114514,
"Mures","Reghin",114809,
"Mures","Tirnaveni",114925,
"Mures","Iernut",117827,
"Mures","Ludus",114710,
"Mures","Sovata",114854,
"Mures","Miercurea Niraj",118281,
"Mures","Sarmasu",119242,
"Mures","Singeorgiu De Padure",119331,
"Mures","Ungheni",119894,
"Mures","Acatari",114970,
"Mures","Adamus",115076,
"Mures","Albesti",114603,
"Mures","Alunis",115147,
"Mures","Apold",115183,
"Mures","Atintis",115236,
"Mures","Bahnea",115307,
"Mures","Band",115389,
"Mures","Batos",115520,
"Mures","Bagaciu",115575,
"Mures","Bala",115600,
"Mures","Balauseri",115637,
"Mures","Beica De Jos",115708,
"Mures","Bichis",115771,
"Mures","Bogata",115824,
"Mures","Breaza",115851,
"Mures","Brincovenesti",115897,
"Mures","Ceuasu De Cimpie",115959,
"Mures","Chetani",116046,
"Mures","Chiheru De Jos",116126,
"Mures","Coroisinmartin",116171,
"Mures","Cozma",116224,
"Mures","Craciunesti",116288,
"Mures","Craiesti",116340,
"Mures","Cristesti",114355,
"Mures","Cucerdea",116395,
"Mures","Cuci",116439,
"Mures","Danes",116493,
"Mures","Deda",116545,
"Mures","Eremitu",116590,
"Mures","Ernei",116652,
"Mures","Faragau",116723,
"Mures","Fintinele",116796,
"Mures","Galesti",116867,
"Mures","Ganesti",116938,
"Mures","Gheorghe Doja",116983,
"Mures","Ghindari",117042,
"Mures","Glodeni",117113,
"Mures","Gornesti",117177,
"Mures","Grebenisu De Cimpie",117275,
"Mures","Gurghiu",117319,
"Mures","Hodac",117426,
"Mures","Hodosa",117505,
"Mures","Ibanesti",117550,
"Mures","Iclanzel",117667,
"Mures","Ideciu De Jos",117783,
"Mures","Livezeni",117925,
"Mures","Lunca",117998,
"Mures","Lunca Bradului",118058,
"Mures","Magherani",118094,
"Mures","Mica",118209,
"Mures","Chibed",120478,
"Mures","Mihesu De Cimpie",118370,
"Mures","Nades",118469,
"Mures","Neaua",118511,
"Mures","Ogra",118575,
"Mures","Papiu Ilarian",118637,
"Mures","Panet",118691,
"Mures","Pasareni",118753,
"Mures","Petelea",118799,
"Mures","Pogaceaua",118824,
"Mures","Rastolita",118931,
"Mures","Riciu",118995,
"Mures","Rusii Munti",119153,
"Mures","Saschiz",119206,
"Mures","Sincraiu De Mures",114382,
"Mures","Singeorgiu De Mures",114417,
"Mures","Singer",119386,
"Mures","Sinpaul",119466,
"Mures","Sinpetru De Cimpie",119527,
"Mures","Sintana De Mures",114453,
"Mures","Solovastru",119590,
"Mures","Stinceni",119625,
"Mures","Suplac",119661,
"Mures","Suseni",119723,
"Mures","Saulia",119750,
"Mures","Sincai",119803,
"Mures","Taureni",119858,
"Mures","Valea Larga",119974,
"Mures","Vargata",120076,
"Mures","Vatava",120138,
"Mures","Vetca",120174,
"Mures","Viisoara",120218,
"Mures","Vinatori",120254,
"Mures","Voivodeni",120316,
"Mures","Zagar",120343,
"Mures","Zau De Cimpie",120370,
"Mures","Bereni",120511,
"Mures","Corunca",120487,
"Mures","Madaras",120502,
"Mures","Sarateni",120496,
"Neamt","Piatra Neamt",120726,
"Neamt","Roman",120860,
"Neamt","Targu Neamt",121055,
"Neamt","Bicaz",120968,
"Neamt","Roznov",124117,
"Neamt","Agapia",121108,
"Neamt","Alex Cel Bun",124938,
"Neamt","Bahna",121153,
"Neamt","Baltatesti",121242,
"Neamt","Bara",121386,
"Neamt","Bargaoani",121466,
"Neamt","Bicaz Chei",121297,
"Neamt","Bicazu Ardelean",121340,
"Neamt","Bodesti",121607,
"Neamt","Boghicea",125178,
"Neamt","Borca",121652,
"Neamt","Borlesti",121732,
"Neamt","Botesti",121796,
"Neamt","Bozieni",121876,
"Neamt","Brusturi",121938,
"Neamt","Candesti",122061,
"Neamt","Ceahlau",122025,
"Neamt","Cordun",120888,
"Neamt","Costisa",122132,
"Neamt","Cracaoani",122187,
"Neamt","Damuc",122249,
"Neamt","Dobreni",122285,
"Neamt","Dochia",125098,
"Neamt","Doljesti",122347,
"Neamt","Dragomiresti",122392,
"Neamt","Draganesti",125132,
"Neamt","Dulcesti",122463,
"Neamt","Dumbrava Rosie",120771,
"Neamt","Farcasa",122551,
"Neamt","Faurei",122613,
"Neamt","Gadinti",125150,
"Neamt","Garcina",122828,
"Neamt","Gheraiesti",122668,
"Neamt","Ghindaoani",125114,
"Neamt","Girov",122702,
"Neamt","Grinties",122864,
"Neamt","Grumazesti",122908,
"Neamt","Hangu",122953,
"Neamt","Horia",120922,
"Neamt","Icusesti",123013,
"Neamt","Ion Creanga",123102,
"Neamt","Margineni",123175,
"Neamt","Moldoveni",123228,
"Neamt","Negresti",125169,
"Neamt","Oniceni",123255,
"Neamt","Pastraveni",123371,
"Neamt","Pancesti",125141,
"Neamt","Pangarati",123601,
"Neamt","Petricani",123424,
"Neamt","Piatra Soimului",123479,
"Neamt","Pipirig",123521,
"Neamt","Podoleni",123674,
"Neamt","Poiana Teiului",123790,
"Neamt","Poienari",123709,
"Neamt","Raucesti",123914,
"Neamt","Razboieni",123969,
"Neamt","Rediu",124028,
"Neamt","Romani",124073,
"Neamt","Ruginoasa",125105,
"Neamt","Sagna",124153,
"Neamt","Sabaoani",124206,
"Neamt","Savinesti",120824,
"Neamt","Secuieni",124233,
"Neamt","Stanita",124331,
"Neamt","St Cel Mare",124411,
"Neamt","Tarcau",124493,
"Neamt","Tasca",124563,
"Neamt","Tazlau",124616,
"Neamt","Tamaseni",124634,
"Neamt","Timisesti",124661,
"Neamt","Trifesti",124723,
"Neamt","Tupilati",124750,
"Neamt","Tibucani",124803,
"Neamt","Urecheni",124849,
"Neamt","Valea Ursului",124885,
"Neamt","Valeni",125123,
"Neamt","Vanatori",125016,
"Neamt","Zanesti",125061,
"Olt","Municipiul Caracal",125472,
"Olt","Municipiul Slatina",125347,
"Olt","Oras Bals",125418,
"Olt","Oras Corabia",125542,
"Olt","Oras Draganesti-Olt",125622,
"Olt","Oras Piatra-Olt",128105,
"Olt","Oras Potcoava",128374,
"Olt","Oras Scornicesti",128711,
"Olt","Comuna Baldovinesti",125677,
"Olt","Comuna Babiciu",125659,
"Olt","Comuna Balteni",130286,
"Olt","Comuna Barasti",125757,
"Olt","Comuna Barza",125846,
"Olt","Comuna Bobicesti",125873,
"Olt","Comuna Brastavatu",125962,
"Olt","Comuna Brancoveni",126022,
"Olt","Comuna Brebeni",125999,
"Olt","Comuna Bucinisu",126077,
"Olt","Comuna Calui",130295,
"Olt","Comuna Carlogani",126166,
"Olt","Comuna Cezieni",126102,
"Olt","Comuna Cilieni",126148,
"Olt","Comuna Colonesti",126228,
"Olt","Comuna Corbu",126326,
"Olt","Comuna Coteana",126380,
"Olt","Comuna Crampoia",126406,
"Olt","Comuna Cungrea",126503,
"Olt","Comuna Curtisoara",126433,
"Olt","Comuna Daneasa",126585,
"Olt","Comuna Deveselu",126647,
"Olt","Comuna Dobretu",126674,
"Olt","Comuna Dobrosloveni",126718,
"Olt","Comuna Dobroteasa",126772,
"Olt","Comuna Dobrun",126825,
"Olt","Comuna Draghiceni",125490,
"Olt","Comuna Fagetelu",126905,
"Olt","Comuna Falcoiu",126978,
"Olt","Comuna Farcasele",127019,
"Olt","Comuna Ganeasa",127064,
"Olt","Comuna Gavanesti",130302,
"Olt","Comuna Garcov",125588,
"Olt","Comuna Ghimpeteni",130311,
"Olt","Comuna Giuvarasti",127126,
"Olt","Comuna Gostavatu",127144,
"Olt","Comuna Gradinari",127171,
"Olt","Comuna Gradinile",130320,
"Olt","Comuna Grojdibodu",127224,
"Olt","Comuna Gura Padinii",130339,
"Olt","Comuna Ianca",127251,
"Olt","Comuna Iancu Jianu",127288,
"Olt","Comuna Icoana",127322,
"Olt","Comuna Ipotesti",130348,
"Olt","Comuna Izbiceni",127368,
"Olt","Comuna Izvoarele",127386,
"Olt","Comuna Leleasca",127411,
"Olt","Comuna Maruntei",127493,
"Olt","Comuna Mihaesti",127536,
"Olt","Comuna Milcov",127563,
"Olt","Comuna Morunglav",127625,
"Olt","Comuna Movileni",127689,
"Olt","Comuna N.Titulescu",127714,
"Olt","Comuna Obarsia",127750,
"Olt","Comuna Oboga",127812,
"Olt","Comuna Oporelu",127858,
"Olt","Comuna Optasi Magura",127901,
"Olt","Comuna Orlea",127938,
"Olt","Comuna Osica De Jos",130357,
"Olt","Comuna Osica De Sus",127983,
"Olt","Comuna Parscoveni",128178,
"Olt","Comuna Perieti",128052,
"Olt","Comuna Plesoiu",128221,
"Olt","Comuna Poboru",128301,
"Olt","Comuna Priseaca",128436,
"Olt","Comuna Radomiresti",128472,
"Olt","Comuna Redea",128524,
"Olt","Comuna Rotunda",128560,
"Olt","Comuna Rusanesti",128588,
"Olt","Comuna Samburesti",128882,
"Olt","Comuna Sarbii-Magura",130366,
"Olt","Comuna Scarisoara",128613,
"Olt","Comuna Schitu",128659,
"Olt","Comuna Seaca",128864,
"Olt","Comuna Slatioara",125374,
"Olt","Comuna Spineni",128962,
"Olt","Comuna Sprancenata",129040,
"Olt","Comuna Stoenesti",129095,
"Olt","Comuna Stoicanesti",129111,
"Olt","Comuna Strejesti",129139,
"Olt","Comuna Studina",129184,
"Olt","Comuna Serbanesti",129246,
"Olt","Comuna Soparlita",130384,
"Olt","Comuna Stefan Cel Mare",129282,
"Olt","Comuna Tatulesti",129317,
"Olt","Comuna Teslui",129380,
"Olt","Comuna Tia Mare",129460,
"Olt","Comuna Topana",129503,
"Olt","Comuna Traian",129567,
"Olt","Comuna Tufeni",129585,
"Olt","Comuna Urzica",129629,
"Olt","Comuna Valea Mare",129656,
"Olt","Comuna Vadastra",129718,
"Olt","Comuna Vadastrita",129745,
"Olt","Comuna Valeni",129763,
"Olt","Comuna Valcele",129987,
"Olt","Comuna Verguleasa",129816,
"Olt","Comuna Visina",129898,
"Olt","Comuna Visina Noua",130375,
"Olt","Comuna Vitomiresti",129914,
"Olt","Comuna Vladila",130026,
"Olt","Comuna Voineasa",130062,
"Olt","Comuna Vulpeni",130124,
"Olt","Comuna Vulturesti",130231,
"Prahova","Mun. Campina",131256,
"Prahova","Mun. Ploiesti",130534,
"Prahova","Azuga",130954,
"Prahova","Baicoi",130981,
"Prahova","Boldesti Scaieni",131069,
"Prahova","Breaza",131103,
"Prahova","Busteni",131210,
"Prahova","Comarnic",131336,
"Prahova","Mizil",131407,
"Prahova","Plopeni",131443,
"Prahova","Sinaia",131540,
"Prahova","Slanic",131577,
"Prahova","Urlati",131620,
"Prahova","Valenii De Munte",131817,
"Prahova","Adunati",131899,
"Prahova","Albesti Paleologu",131933,
"Prahova","Alunis",131988,
"Prahova","Apostolache",132011,
"Prahova","Aricesti Rahtivani",132075,
"Prahova","Aricesti Zeletin",132137,
"Prahova","Baba Ana",132164,
"Prahova","Balta Doamnei",132226,
"Prahova","Baltesti",132271,
"Prahova","Banesti",132315,
"Prahova","Barcanesti",130552,
"Prahova","Batrani",136278,
"Prahova","Bertea",132342,
"Prahova","Berceni",130614,
"Prahova","Boldesti Gradistea",132379,
"Prahova","Blejoi",130678,
"Prahova","Brebu",132404,
"Prahova","Brazi",130712,
"Prahova","Bucov",130785,
"Prahova","Calugareni",132459,
"Prahova","Carbunesti",132486,
"Prahova","Ceptura",132510,
"Prahova","Cerasu",132574,
"Prahova","Chiojdeanca",132645,
"Prahova","Ciorani",132681,
"Prahova","Cocorasti Colt",136241,
"Prahova","Cocorastii Mislii",132716,
"Prahova","Colceag",132752,
"Prahova","Cornu",132805,
"Prahova","Cosminele",132841,
"Prahova","Drajna",132896,
"Prahova","Draganesti",133018,
"Prahova","Dumbrava",133090,
"Prahova","Dumbravesti",131461,
"Prahova","Filipestii De Padure",133161,
"Prahova","Filipestii De Targ",133214,
"Prahova","Fantanele",133278,
"Prahova","Floresti",133330,
"Prahova","Fulga",133394,
"Prahova","Gherghita",133429,
"Prahova","Gorgota",133508,
"Prahova","Gornet",133562,
"Prahova","Gornet Cricov",133615,
"Prahova","Gura Vadului",133688,
"Prahova","Gura Vitioarei",131835,
"Prahova","Iordacheanu",133722,
"Prahova","Izvoarele",133795,
"Prahova","Jugureni",133866,
"Prahova","Lapos",133919,
"Prahova","Lipanesti",133964,
"Prahova","Magurele",134014,
"Prahova","Magureni",134050,
"Prahova","Maneciu",134096,
"Prahova","Manesti",134194,
"Prahova","Olari",136250,
"Prahova","Paulesti",130847,
"Prahova","Pacureti",134336,
"Prahova","Plopu",134390,
"Prahova","Podenii Noi",134443,
"Prahova","Poienarii Burchi",134559,
"Prahova","Poiana Campina",131274,
"Prahova","Posesti",134648,
"Prahova","Predeal Sarari",134755,
"Prahova","Provita De Jos",134853,
"Prahova","Provita De Sus",134899,
"Prahova","Puchenii Mari",134942,
"Prahova","Rafov",135020,
"Prahova","Salcia",135128,
"Prahova","Salciile",135146,
"Prahova","Scorteni",135164,
"Prahova","Secaria",135226,
"Prahova","Sangeru",135244,
"Prahova","Starchiojd",135315,
"Prahova","Surani",135404,
"Prahova","Sirna",135431,
"Prahova","Soimari",135501,
"Prahova","Sotrile",135547,
"Prahova","Stefesti",135618,
"Prahova","Talea",135654,
"Prahova","Targsoru Vechi",130892,
"Prahova","Tataru",135681,
"Prahova","Teisani",135725,
"Prahova","Telega",135789,
"Prahova","Tinosu",135850,
"Prahova","Tomsani",135896,
"Prahova","Vadu Sapat",136269,
"Prahova","Valea Calugareasca",135949,
"Prahova","Valea Doftanei",136107,
"Prahova","Varbilau",136134,
"Prahova","Valcanesti",136198,
"Satu Mare","Satu Mare",136483,
"Satu Mare","Carei",136526,
"Satu Mare","Livada",138039,
"Satu Mare","Tasnad",136642,
"Satu Mare","Ardud",136848,
"Satu Mare","Negresti",136599,
"Satu Mare","Acas",136713,
"Satu Mare","Agris",179873,
"Satu Mare","Andrid",136768,
"Satu Mare","Apa",136802,
"Satu Mare","Barsau",137103,
"Satu Mare","Batarci",136919,
"Satu Mare","Beltiug",136964,
"Satu Mare","Berveni",137032,
"Satu Mare","Bixad",137069,
"Satu Mare","Bogdand",137130,
"Satu Mare","Botiz",137185,
"Satu Mare","Calinesti",137229,
"Satu Mare","Camarzana",137274,
"Satu Mare","Camin",179677,
"Satu Mare","Capleni",136553,
"Satu Mare","Cauas",137292,
"Satu Mare","Cehal",137363,
"Satu Mare","Certeze",137407,
"Satu Mare","Ciumesti",179882,
"Satu Mare","Craidorolt",137443,
"Satu Mare","Crucisor",137504,
"Satu Mare","Culciu",137540,
"Satu Mare","Doba",137611,
"Satu Mare","Dorolt",137675,
"Satu Mare","Foieni",137728,
"Satu Mare","Gherta Mica",137746,
"Satu Mare","Halmeu",137764,
"Satu Mare","Hodod",137844,
"Satu Mare","Homoroade",137899,
"Satu Mare","Lazuri",137960,
"Satu Mare","Mediesu Aurit",138084,
"Satu Mare","Micula",138164,
"Satu Mare","Moftin",138208,
"Satu Mare","Odoreu",138280,
"Satu Mare","Orasu Nou",138351,
"Satu Mare","Paulesti",138431,
"Satu Mare","Petresti",138501,
"Satu Mare","Pir",138538,
"Satu Mare","Piscolt",138574,
"Satu Mare","Pomi",138618,
"Satu Mare","Porumbesti",180028,
"Satu Mare","Racşa",138404,
"Satu Mare","Sacaseni",138770,
"Satu Mare","Sanislau",138663,
"Satu Mare","Santau",138734,
"Satu Mare","Sauca",138805,
"Satu Mare","Socond",138869,
"Satu Mare","Supur",138921,
"Satu Mare","Tarna Mare",139009,
"Satu Mare","Tarsolt",139143,
"Satu Mare","Terebesti",139054,
"Satu Mare","Tiream",139107,
"Satu Mare","Turt",139170,
"Satu Mare","Turulung",139214,
"Satu Mare","Urziceni",139250,
"Satu Mare","Valea Vinului",139287,
"Satu Mare","Vama",139330,
"Satu Mare","Vetis",139358,
"Satu Mare","Viile Satu Mare",139394,
"Salaj","Primaria Zalau",139704,
"Salaj","Primaria Cehu Silvaniei",139740,
"Salaj","Primaria Jibou",139811,
"Salaj","Primaria Simleul Silvaniei",139884,
"Salaj","Primaria Agrij",139937,
"Salaj","Primaria Almas",139982,
"Salaj","Primaria Babeni",140084,
"Salaj","Primaria Balan",140146,
"Salaj","Primaria Banisor",140208,
"Salaj","Primaria Benesat",140244,
"Salaj","Primaria Bobota",140280,
"Salaj","Primaria Bocsa",140324,
"Salaj","Primaria Boghis",180037,
"Salaj","Primaria Buciumi",140379,
"Salaj","Primaria Camar",140440,
"Salaj","Primaria Carastelec",140477,
"Salaj","Primaria Chiesd",140501,
"Salaj","Primaria Cizer",140547,
"Salaj","Primaria Coseiu",140583,
"Salaj","Primaria Crasna",140627,
"Salaj","Primaria Creaca",140672,
"Salaj","Primaria Cristolt",140770,
"Salaj","Primaria Criseni",140823,
"Salaj","Primaria Cuzaplac",140869,
"Salaj","Primaria Dobrin",140958,
"Salaj","Primaria Dragu",141027,
"Salaj","Primaria Fildu De Jos",141081,
"Salaj","Primaria Galgau",141134,
"Salaj","Primaria Garbou",141232,
"Salaj","Primaria Halmasd",141312,
"Salaj","Primaria Hereclean",141376,
"Salaj","Primaria Hida",141447,
"Salaj","Primaria Horoatu Crasnei",141535,
"Salaj","Primaria Ileanda",141580,
"Salaj","Primaria Ip",141722,
"Salaj","Primaria Letca",141786,
"Salaj","Primaria Lozna",141884,
"Salaj","Primaria Marca",141946,
"Salaj","Primaria Maeriste",142006,
"Salaj","Primaria Mesesenii De Jos",142079,
"Salaj","Primaria Mirsid",142122,
"Salaj","Primaria Napradea",142177,
"Salaj","Primaria Nusfalau",142239,
"Salaj","Primaria Pericei",142284,
"Salaj","Primaria Plopis",142337,
"Salaj","Primaria Poiana Blenchii",142373,
"Salaj","Primaria Romanasi",142426,
"Salaj","Primaria Rus",142499,
"Salaj","Primaria Salatig",142550,
"Salaj","Primaria Simisna",179695,
"Salaj","Primaria Sag",142612,
"Salaj","Primaria Sanmihaiu Almasului",142676,
"Salaj","Primaria Somes Odorhei",142710,
"Salaj","Primaria Surduc",142774,
"Salaj","Primaria Samsud",142854,
"Salaj","Primaria Sarmasag",142881,
"Salaj","Primaria Treznea",179631,
"Salaj","Primaria Valcaul De Jos",142952,
"Salaj","Primaria Varsolt",143021,
"Salaj","Primaria Zalha",143067,
"Salaj","Primaria Zimbor",143147,
"Sibiu","Sibiu",143450,
"Sibiu","Medias",143619,
"Sibiu","Agnita",143682,
"Sibiu","Avrig",144054,
"Sibiu","Cisnadie",143735,
"Sibiu","Copsa Mica",143771,
"Sibiu","Dumbraveni",143806,
"Sibiu","Miercurea Sibiului",144928,
"Sibiu","Ocna Sibiului",143851,
"Sibiu","Saliste",145499,
"Sibiu","Talmaciu",145827,
"Sibiu","Alma",146012,
"Sibiu","Altina",143888,
"Sibiu","Apoldu De Jos",143922,
"Sibiu","Arpasu De Jos",143959,
"Sibiu","Atel",143995,
"Sibiu","Axente Sever",144116,
"Sibiu","Bazna",144152,
"Sibiu","Biertan",144198,
"Sibiu","Birghis",144232,
"Sibiu","Blajel",144303,
"Sibiu","Boita",146021,
"Sibiu","Brateiu",144349,
"Sibiu","Bradeni",144376,
"Sibiu","Bruiu",144410,
"Sibiu","Chirpar",144456,
"Sibiu","Cirta",144508,
"Sibiu","Cirtisoara",144535,
"Sibiu","Cristian",143487,
"Sibiu","Dirlos",144553,
"Sibiu","Gura Riului",144599,
"Sibiu","Hoghilag",144615,
"Sibiu","Iacobeni",144651,
"Sibiu","Jina",144713,
"Sibiu","Laslea",144731,
"Sibiu","Loamnes",144795,
"Sibiu","Ludos",144866,
"Sibiu","Marpod",144893,
"Sibiu","Merghindeal",144964,
"Sibiu","Micasasa",144991,
"Sibiu","Mihaileni",145042,
"Sibiu","Mosna",145104,
"Sibiu","Nocrich",145140,
"Sibiu","Orlat",145202,
"Sibiu","Pauca",145220,
"Sibiu","Poiana Sibiului",145275,
"Sibiu","Poplaca",143502,
"Sibiu","Porumbacu De Jos",145293,
"Sibiu","Racovita",145355,
"Sibiu","Rasinari",143520,
"Sibiu","Riu Sadului",145382,
"Sibiu","Rosia",145408,
"Sibiu","Sadu",145471,
"Sibiu","Slimnic",145603,
"Sibiu","Seica Mare",145667,
"Sibiu","Seica Mica",145738,
"Sibiu","Selimbar",143557,
"Sibiu","Sura Mare",145765,
"Sibiu","Sura Mica",145792,
"Sibiu","Tilisca",145907,
"Sibiu","Tirnava",143646,
"Sibiu","Turnu Rosu",145934,
"Sibiu","Valea Viilor",145961,
"Sibiu","Vurpar",145998,
"Suceava","Cimpulung Moldovenesc",146502,
"Suceava","Falticeni",146539,
"Suceava","Radauti",146628,
"Suceava","Suceava",146263,
"Suceava","Vatra Dornei",146744,
"Suceava","Brosteni",147358,
"Suceava","Cajvana",147633,
"Suceava","Dolhasca",148006,
"Suceava","Frasin",148612,
"Suceava","Gura Humorului",146584,
"Suceava","Liteni",149227,
"Suceava","Milisauti",146931,
"Suceava","Salcea",146370,
"Suceava","Siret",146655,
"Suceava","Solca",146708,
"Suceava","Vicovu De Sus",151095,
"Suceava","Adincata",146799,
"Suceava","Arbore",146860,
"Suceava","Baia",146904,
"Suceava","Balaceana",151530,
"Suceava","Balcauti",146995,
"Suceava","Berchisesti",151576,
"Suceava","Bilca",147036,
"Suceava","Bogdanesti",147054,
"Suceava","Boroaia",147072,
"Suceava","Bosanci",147134,
"Suceava","Botosana",147161,
"Suceava","Breaza",147205,
"Suceava","Brodina",147241,
"Suceava","Bunesti",147465,
"Suceava","Burla",151521,
"Suceava","Cacica",147526,
"Suceava","Calafindesti",147580,
"Suceava","Capu Cimpului",151503,
"Suceava","Ciocanesti",151451,
"Suceava","Ciprian Porumbescu",151567,
"Suceava","Cirlibaba",147713,
"Suceava","Comanesti",151433,
"Suceava","Cornu Luncii",147786,
"Suceava","Cosna",151497,
"Suceava","Crucea",147884,
"Suceava","Darmanesti",147937,
"Suceava","Dolhesti",148097,
"Suceava","Dorna Arini",148131,
"Suceava","Dorna Candreni",148202,
"Suceava","Dornesti",148293,
"Suceava","Dragoiesti",148328,
"Suceava","Draguseni",148382,
"Suceava","Dumbraveni",148426,
"Suceava","Fintina Mare",151488,
"Suceava","Fintinele",148453,
"Suceava","Forasti",148514,
"Suceava","Fratautii Noi",148667,
"Suceava","Fratautii Vechi",148694,
"Suceava","Frumosu",148729,
"Suceava","Fundu Moldovei",148765,
"Suceava","Galanesti",148872,
"Suceava","Gramesti",148916,
"Suceava","Granicesti",148970,
"Suceava","Hintesti",151512,
"Suceava","Hirtop",151549,
"Suceava","Horodnic De Jos",149101,
"Suceava","Horodnic De Sus",151479,
"Suceava","Horodniceni",149049,
"Suceava","Iacobeni",149138,
"Suceava","Iaslovat",151442,
"Suceava","Ilisesti",147660,
"Suceava","Ipotesti",146281,
"Suceava","Izvoarele Sucevei",149183,
"Suceava","Malini",149316,
"Suceava","Manastirea Humorului",149370,
"Suceava","Marginea",149290,
"Suceava","Mitocul Dragomirnei",146325,
"Suceava","Moara",149414,
"Suceava","Moldova Sulita",149502,
"Suceava","Moldovita",149539,
"Suceava","Musenita",149584,
"Suceava","Ostra",149655,
"Suceava","Paltinoasa",149753,
"Suceava","Panaci",149682,
"Suceava","Patrauti",149833,
"Suceava","Pirtestii De Jos",149780,
"Suceava","Poiana Stampei",149851,
"Suceava","Poieni-Solca",151585,
"Suceava","Pojorita",149931,
"Suceava","Preutesti",149968,
"Suceava","Putna",150043,
"Suceava","Radaseni",150070,
"Suceava","Risca",150114,
"Suceava","Sadova",150178,
"Suceava","Saru Dornei",150445,
"Suceava","Satu Mare",150196,
"Suceava","Scheia",146432,
"Suceava","Serbauti",151460,
"Suceava","Siminicea",150221,
"Suceava","Slatina",150258,
"Suceava","Straja",150294,
"Suceava","Stroiesti",150310,
"Suceava","Stulpicani",150356,
"Suceava","Sucevita",150418,
"Suceava","Todiresti",150524,
"Suceava","Udesti",150588,
"Suceava","Ulma",150702,
"Suceava","Vadu Moldovei",150766,
"Suceava","Valea Moldovei",150891,
"Suceava","Vama",150935,
"Suceava","Vatra Moldovitei",150980,
"Suceava","Veresti",151022,
"Suceava","Vicovu De Jos",151077,
"Suceava","Voitinel",151558,
"Suceava","Volovat",151120,
"Suceava","Vulturesti",151157,
"Suceava","Zamostea",151246,
"Suceava","Zvoristea",151344,
"Teleorman","Alexandria",151790,
"Teleorman","Turnu Magurele",151683,
"Teleorman","Rosiori De Vede",151870,
"Teleorman","Zimnicea",151978,
"Teleorman","Videle",151905,
"Teleorman","Babaita",152038,
"Teleorman","Balaci",151996,
"Teleorman","Beciu",155083,
"Teleorman","Beuca",155092,
"Teleorman","Blejesti",152083,
"Teleorman","Bogdana",152127,
"Teleorman","Botoroaga",152172,
"Teleorman","Bragadiru",152234,
"Teleorman","Branceni",152252,
"Teleorman","Bujoreni",152270,
"Teleorman","Bujoru",152314,
"Teleorman","Buzescu",152332,
"Teleorman","Calinesti",152350,
"Teleorman","Calmatuiu",152412,
"Teleorman","Calmatuiu De Sus",152467,
"Teleorman","Cervenia",152500,
"Teleorman","Ciolanesti",152528,
"Teleorman","Ciuperceni",151709,
"Teleorman","Contesti",152564,
"Teleorman","Cosmesti",152582,
"Teleorman","Crangeni",152617,
"Teleorman","Crangu",152662,
"Teleorman","Crevenicu",151932,
"Teleorman","Didesti",152724,
"Teleorman","Dobrotesti",152760,
"Teleorman","Dracea",155109,
"Teleorman","Dracsenei",152797,
"Teleorman","Draganesti De  Vede",152868,
"Teleorman","Draganesti Vlasca",152902,
"Teleorman","Fantanele",155118,
"Teleorman","Frasinet",155127,
"Teleorman","Frumoasa",152993,
"Teleorman","Furculesti",152948,
"Teleorman","Galateni",153026,
"Teleorman","Gratia",153062,
"Teleorman","Islaz",151736,
"Teleorman","Izvoarele",153106,
"Teleorman","Lisa",153124,
"Teleorman","Lita",151763,
"Teleorman","Lunca",153151,
"Teleorman","Magura",153240,
"Teleorman","Maldaieni",153277,
"Teleorman","Marzanesti",153339,
"Teleorman","Mavrodin",153204,
"Teleorman","Mereni",153295,
"Teleorman","Mosteni",153384,
"Teleorman","Nanov",151816,
"Teleorman","Nasturelu",153400,
"Teleorman","Necsesti",153437,
"Teleorman","Nenciulesti",154996,
"Teleorman","Olteni",153473,
"Teleorman","Orbeasca",153507,
"Teleorman","Peretu",153543,
"Teleorman","Piatra",153561,
"Teleorman","Pietrosani",153589,
"Teleorman","Plopii Slavitesti",153623,
"Teleorman","Plosca",153605,
"Teleorman","Poeni",153696,
"Teleorman","Poroschia",151834,
"Teleorman","Purani",155136,
"Teleorman","Putineiu",153829,
"Teleorman","Radoiesti",153865,
"Teleorman","Rasmiresti",153909,
"Teleorman","Saceni",153972,
"Teleorman","Saelele",155145,
"Teleorman","Salcia",153936,
"Teleorman","Sarbeni",154308,
"Teleorman","Scrioastea",154013,
"Teleorman","Scurtu Mare",154068,
"Teleorman","Seaca",154139,
"Teleorman","Segarcea Vale",154184,
"Teleorman","Sfintesti",154166,
"Teleorman","Silistea",154228,
"Teleorman","Silistea Noua",154282,
"Teleorman","Slobozia Mandra",154344,
"Teleorman","Smardioasa",154380,
"Teleorman","Stejaru",154415,
"Teleorman","Storobaneasa",154497,
"Teleorman","Suhaia",154460,
"Teleorman","Talpa",154521,
"Teleorman","Tatarastii De Jos",154585,
"Teleorman","Tatarastii De Sus",154665,
"Teleorman","Tiganesti",154834,
"Teleorman","Traian",154736,
"Teleorman","Trivale Mosteni",154754,
"Teleorman","Troianu",154790,
"Teleorman","Uda Clocociov",155154,
"Teleorman","Vartoape",154932,
"Teleorman","Vedea",154852,
"Teleorman","Viisoara",154914,
"Teleorman","Vitanesti",153776,
"Teleorman","Zambreasca",154978,
"Timis","Timisoara",155243,
"Timis","Lugoj",155350,
"Timis","Buzias",155403,
"Timis","Ciacova",156357,
"Timis","Deta",155458,
"Timis","Faget",156801,
"Timis","Gataia",157086,
"Timis","Jimbolia",155494,
"Timis","Sanicolau Mare",155528,
"Timis","Recas",158314,
"Timis","Balint",155546,
"Timis","Banloc",155591,
"Timis","Bara",155662,
"Timis","Beba Veche",155724,
"Timis","Becicherecul Mic",155760,
"Timis","Belint",155797,
"Timis","Bethausen",155840,
"Timis","Biled",155911,
"Timis","Birda",159366,
"Timis","Birna",155957,
"Timis","Bogda",156035,
"Timis","Boldur",156106,
"Timis","Brestovat",156151,
"Timis","Bucovat",159516,
"Timis","Carpinis",156213,
"Timis","Cenad",156259,
"Timis","Cenei",156277,
"Timis","Checea",159375,
"Timis","Cheveresu Mare",156311,
"Timis","Comlosu Mare",156437,
"Timis","Costeiu",156473,
"Timis","Criciova",156534,
"Timis","Curtea",156589,
"Timis","Darova",156623,
"Timis","Denta",156669,
"Timis","Dudestii Noi",159384,
"Timis","Dudestii Vechi",156712,
"Timis","Dumbrava",156767,
"Timis","Dumbravita",155261,
"Timis","Fardea",156927,
"Timis","Fibis",159393,
"Timis","Foieni",157004,
"Timis","Gavojdia",157031,
"Timis","Ghilad",159400,
"Timis","Ghiroda",155289,
"Timis","Ghizela",157193,
"Timis","Giarmata",157246,
"Timis","Giera",157273,
"Timis","Giroc",155314,
"Timis","Giulvaz",157317,
"Timis","Gottlob",159419,
"Timis","Iecea Mare",159428,
"Timis","Jamu Mare",157362,
"Timis","Jebel",157424,
"Timis","Lenauheim",157451,
"Timis","Liebling",157497,
"Timis","Livezile",159491,
"Timis","Lovrin",157530,
"Timis","Manastur",157736,
"Timis","Margina",157585,
"Timis","Masloc",157683,
"Timis","Moravita",157781,
"Timis","Mosnita Noua",157834,
"Timis","Nadrag",157898,
"Timis","Nitchidorf",157923,
"Timis","Ohaba Lunga",157969,
"Timis","Ortisoara",158010,
"Timis","Otelec",159525,
"Timis","Padureni",159446,
"Timis","Parta",159437,
"Timis","Peciu Nou",158065,
"Timis","Periam",158109,
"Timis","Pesac",159507,
"Timis","Pietroasa",158136,
"Timis","Pischia",158181,
"Timis","Racovita",158243,
"Timis","Remetea Mare",158396,
"Timis","Sacalaz",158564,
"Timis","Sacosu Turcesc",158449,
"Timis","Sag",158779,
"Timis","Sanandrei",158653,
"Timis","Sandra",159464,
"Timis","Sanmihaiu Roman",158699,
"Timis","Saravale",159455,
"Timis","Satchinez",158528,
"Timis","Secas",158608,
"Timis","Sinpetru Mare",158733,
"Timis","Stiuca",158804,
"Timis","Teremia Mare",158859,
"Timis","Tomesti",158895,
"Timis","Tomnatic",159473,
"Timis","Topolovatu Mare",158966,
"Timis","Tormac",159035,
"Timis","Traian Vuia",159071,
"Timis","Uivar",159142,
"Timis","V.V.Delamarina",159259,
"Timis","Valcani",159482,
"Timis","Varias",159213,
"Timis","Voiteg",159339,
"Tulcea","Municipiul Tulcea",159614,
"Tulcea","Babadag",159650,
"Tulcea","Isaccea",159687,
"Tulcea","Macin",159730,
"Tulcea","Sulina",159767,
"Tulcea","Baia",159785,
"Tulcea","Beidaud",159847,
"Tulcea","Bestepe",161552,
"Tulcea","C.A.Rosetti",159883,
"Tulcea","Carcaliu",159945,
"Tulcea","Casimcea",159963,
"Tulcea","Ceamurlia De Jos",160092,
"Tulcea","Ceatalchioi",160047,
"Tulcea","Cerna",160127,
"Tulcea","Chilia Veche",160172,
"Tulcea","Ciucurova",160225,
"Tulcea","Crisan",160261,
"Tulcea","Daeni",160305,
"Tulcea","Dorobantu",160323,
"Tulcea","Frecatei",160387,
"Tulcea","Greci",160430,
"Tulcea","Grindu",160458,
"Tulcea","Hamcearca",160476,
"Tulcea","Horia",160528,
"Tulcea","Izvoarele",160564,
"Tulcea","I.C.Bratianu",161525,
"Tulcea","Jijila",160617,
"Tulcea","Jurilovca",160644,
"Tulcea","Luncavita",160680,
"Tulcea","Mahmudia",160724,
"Tulcea","Maliuc",160779,
"Tulcea","Mihai Bravu",160831,
"Tulcea","M.Kogalniceanu",160877,
"Tulcea","Murighiol",160911,
"Tulcea","Nalbant",160993,
"Tulcea","Niculitel",161035,
"Tulcea","Nufaru",161053,
"Tulcea","Ostrov",161106,
"Tulcea","Pardina",161133,
"Tulcea","Peceneaga",161151,
"Tulcea","Sarichioi",161179,
"Tulcea","Sf.Gheorghe",161231,
"Tulcea","Slava Cercheza",161259,
"Tulcea","Smardan",161286,
"Tulcea","Somova",161302,
"Tulcea","Stejaru",161348,
"Tulcea","Topolog",161384,
"Tulcea","Turcoaia",161464,
"Tulcea","Valea Nucarilor",161482,
"Tulcea","Valea Teilor",161561,
"Tulcea","Vacareni",161543,
"Vaslui","Barlad",161794,
"Vaslui","Husi",161829,
"Vaslui","Vaslui",161945,
"Vaslui","Murgeni",164981,
"Vaslui","Negresti",161856,
"Vaslui","Albesti",162014,
"Vaslui","Alexandru Vlahuta",162069,
"Vaslui","Arsura",162149,
"Vaslui","Banca",162194,
"Vaslui","Bacani",162327,
"Vaslui","Bacesti",162381,
"Vaslui","Balteni",162452,
"Vaslui","Berezeni",162498,
"Vaslui","Blagesti",162559,
"Vaslui","Bogdana",162595,
"Vaslui","Bogdanesti",162693,
"Vaslui","Bogdanita",162791,
"Vaslui","Botesti",162871,
"Vaslui","Bunesti-Aversti",162924,
"Vaslui","Ciocani",167268,
"Vaslui","Codaiesti",163002,
"Vaslui","Coroiesti",163057,
"Vaslui","Costesti",163137,
"Vaslui","Cozmesti",167277,
"Vaslui","Cretesti",163208,
"Vaslui","Danesti",163253,
"Vaslui","Deleni",163324,
"Vaslui","Delesti",163379,
"Vaslui","Dimitrie Cantemir",164277,
"Vaslui","Dodesti",167286,
"Vaslui","Dragomiresti",163486,
"Vaslui","Drinceni",163618,
"Vaslui","Duda-Epureni",163681,
"Vaslui","Dumesti",163734,
"Vaslui","Epureni",163789,
"Vaslui","Falciu",163832,
"Vaslui","Feresti",167295,
"Vaslui","Fruntiseni",167231,
"Vaslui","Gagesti",163903,
"Vaslui","Gherghesti",163967,
"Vaslui","Girceni",164062,
"Vaslui","Grivita",164133,
"Vaslui","Hoceni",164197,
"Vaslui","Iana",164339,
"Vaslui","Ibanesti",167222,
"Vaslui","Ivanesti",164393,
"Vaslui","Ivesti",164543,
"Vaslui","Laza",164598,
"Vaslui","Lipovat",164687,
"Vaslui","Lunca-Banului",164749,
"Vaslui","Malusteni",164829,
"Vaslui","Miclesti",164892,
"Vaslui","Munteni De Jos",164936,
"Vaslui","Munteni De Sus",167302,
"Vaslui","Oltenesti",165069,
"Vaslui","Osesti",165130,
"Vaslui","Padureni",165185,
"Vaslui","Perieni",165274,
"Vaslui","Pochidia",167311,
"Vaslui","Pogana",165416,
"Vaslui","Pogonesti",167259,
"Vaslui","Poienesti",165336,
"Vaslui","Puiesti",165470,
"Vaslui","Pungesti",165611,
"Vaslui","Puscasi",167320,
"Vaslui","Rafaila",167240,
"Vaslui","Rebricea",165719,
"Vaslui","Rosiesti",165817,
"Vaslui","Solesti",165899,
"Vaslui","Stanilesti",165979,
"Vaslui","Stefan Cel Mare",166057,
"Vaslui","Suletea",166137,
"Vaslui","Tanacu",166182,
"Vaslui","Tacuta",166235,
"Vaslui","Tatarani",166315,
"Vaslui","Todiresti",166413,
"Vaslui","Tutova",166529,
"Vaslui","Valeni",166636,
"Vaslui","Vetrisoaia",166672,
"Vaslui","Viisoara",166707,
"Vaslui","Vinderei",166770,
"Vaslui","Voinesti",166869,
"Vaslui","Vulturesti",166985,
"Vaslui","Vutcani",167035,
"Vaslui","Zapodeni",167071,
"Vaslui","Zorleni",167179,
"Valcea","Rm. Valcea",167473,
"Valcea","Dragasani",167981,
"Valcea","Babeni",168372,
"Valcea","Balcesti",168452,
"Valcea","B. Govora",167641,
"Valcea","B. Olanesti",167696,
"Valcea","Berbesti",168602,
"Valcea","Brezoi",167794,
"Valcea","Calimanesti",167909,
"Valcea","Horezu",168041,
"Valcea","Ocnele Mari",168130,
"Valcea","Alunu",168229,
"Valcea","Amarasti",168309,
"Valcea","Barbatesti",168559,
"Valcea","Berislavesti",168675,
"Valcea","Boisoara",168755,
"Valcea","Budesti",168791,
"Valcea","Bujoreni",168880,
"Valcea","Bunesti",168960,
"Valcea","Cernisoara",169039,
"Valcea","Caineni",169119,
"Valcea","Copaceni",169182,
"Valcea","Costesti",169253,
"Valcea","Creteni",169306,
"Valcea","Daesti",169351,
"Valcea","Danicei",169404,
"Valcea","Diculesti",174502,
"Valcea","Dragoesti",169547,
"Valcea","Fauresti",169583,
"Valcea","Fartatesti",169681,
"Valcea","Francesti",169896,
"Valcea","Galicea",169994,
"Valcea","Ghioroiu",170097,
"Valcea","Glavile",170168,
"Valcea","Golesti",170220,
"Valcea","Gradistea",170346,
"Valcea","Gusoieni",170444,
"Valcea","Ionesti",170514,
"Valcea","Lalosu",170612,
"Valcea","Ladesti",170685,
"Valcea","Lapusata",170792,
"Valcea","Lacusteni",174511,
"Valcea","Livezi",170872,
"Valcea","Lungesti",170952,
"Valcea","Malaia",171021,
"Valcea","Mateesti",171067,
"Valcea","Maciuca",171101,
"Valcea","Madulari",171209,
"Valcea","Maldaresti",171272,
"Valcea","Mihaesti",171325,
"Valcea","Milcoiu",171469,
"Valcea","Mitrofani",174520,
"Valcea","Muereasca",171539,
"Valcea","N. Balcescu",171628,
"Valcea","Olanu",171806,
"Valcea","Orlesti",171879,
"Valcea","Otesani",171931,
"Valcea","Pausesti O.",171995,
"Valcea","P. Maglasi",172082,
"Valcea","Perisani",172153,
"Valcea","Pesceana",172279,
"Valcea","Pietrari",172340,
"Valcea","Popesti",172377,
"Valcea","Prundeni",172457,
"Valcea","Racovita",172509,
"Valcea","Roesti",172581,
"Valcea","Rosiile",172698,
"Valcea","Runcu",172812,
"Valcea","Salatrucel",172894,
"Valcea","Scundu",172947,
"Valcea","Sinesti",172992,
"Valcea","Slatioara",173061,
"Valcea","Stanesti",173132,
"Valcea","Stoenesti",173230,
"Valcea","Stoilesti",173374,
"Valcea","Stroesti",173533,
"Valcea","Sutesti",173597,
"Valcea","Sirineasa",173686,
"Valcea","Stefanesti",173748,
"Valcea","Susani",173793,
"Valcea","Tetoiu",173855,
"Valcea","Titesti",174496,
"Valcea","Tomsani",173935,
"Valcea","Vaideeni",174021,
"Valcea","Valea Mare",174085,
"Valcea","Vladesti",174156,
"Valcea","Voicesti",174218,
"Valcea","Voineasa",174254,
"Valcea","Zatreni",174290,
"Vrancea","Focsani",174744,
"Vrancea","Adjud",174860,
"Vrancea","Marasesti",174922,
"Vrancea","Odobesti",175019,
"Vrancea","Panciu",175055,
"Vrancea","Andreiasu De Jos",175126,
"Vrancea","Balesti",175206,
"Vrancea","Biliesti",178929,
"Vrancea","Birsesti",175224,
"Vrancea","Boghesti",175260,
"Vrancea","Bolotesti",175368,
"Vrancea","Bordesti",175439,
"Vrancea","Brosteni",175466,
"Vrancea","Chiojdeni",175509,
"Vrancea","Ciorasti",175590,
"Vrancea","Cimpineanca",174780,
"Vrancea","Cimpuri",175670,
"Vrancea","Cirligele",175732,
"Vrancea","Corbita",175787,
"Vrancea","Cotesti",175885,
"Vrancea","Dumbraveni",175938,
"Vrancea","Dumitresti",175983,
"Vrancea","Fitionesti",176150,
"Vrancea","Garoafa",176212,
"Vrancea","Golesti",174824,
"Vrancea","Gologanu",178938,
"Vrancea","Gugesti",176301,
"Vrancea","Gura Calitei",176338,
"Vrancea","Homocea",176445,
"Vrancea","Jaristea",176506,
"Vrancea","Jitia",176551,
"Vrancea","Maicanesti",176613,
"Vrancea","Mera",176686,
"Vrancea","Milcovul",176748,
"Vrancea","Movilita",176793,
"Vrancea","Nanesti",176855,
"Vrancea","Naruja",176891,
"Vrancea","Nereju",176944,
"Vrancea","Negrilesti",178885,
"Vrancea","Nistoresti",177003,
"Vrancea","Obrejita",178947,
"Vrancea","Paltin",177101,
"Vrancea","Paulesti",178910,
"Vrancea","Paunesti",177236,
"Vrancea","Ploscuteni",178894,
"Vrancea","Poiana Cristei",177263,
"Vrancea","Popesti",178901,
"Vrancea","Pufesti",177352,
"Vrancea","Racoasa",177405,
"Vrancea","Rastoaca",178956,
"Vrancea","Reghiu",177469,
"Vrancea","Ruginesti",177557,
"Vrancea","Sihlea",177600,
"Vrancea","Slobozia Bradului",177655,
"Vrancea","Slobozia Ciorasti",177726,
"Vrancea","Soveja",177762,
"Vrancea","Spulber",178965,
"Vrancea","Straoane",177799,
"Vrancea","Suraia",177842,
"Vrancea","Tanasoaia",177879,
"Vrancea","Tataranu",177986,
"Vrancea","Timboiesti",178046,
"Vrancea","Tulnici",178117,
"Vrancea","Tifesti",178180,
"Vrancea","Urechesti",178279,
"Vrancea","Valea Sarii",178313,
"Vrancea","Vidra",178377,
"Vrancea","Vintileasca",178475,
"Vrancea","Vizantea Livezi",178545,
"Vrancea","Vinatori",178607,
"Vrancea","Virtescoiu",178689,
"Vrancea","Vrincioaia",178750,
"Vrancea","Vulturu",178821,
"Mun. Bucuresti","Cgmb",179132,
"Mun. Bucuresti","Primaria Sector 1",179141,
"Mun. Bucuresti","Primaria Sector 2",179150,
"Mun. Bucuresti","Primaria Sector 3",179169,
"Mun. Bucuresti","Primaria Sector 4",179178,
"Mun. Bucuresti","Primaria Sector 5",179187,
"Mun. Bucuresti","Primaria Sector 6",179196,
